go,黄立行,,,,,,,,,,,,,,,
ICU,张根硕,,,,,,,,,,,,,,,
uuu,潘玮柏,,,,,,,,,,,,,,,
乱,香香,,,,,,,,,,,,,,,
伤,张玮,,,,,,,,,,,,,,,
伤,"项亚蕻,羽泉",,,,,,,,,,,,,,,
听,张杰,,,,,,,,,,,,,,,
她,"马上又,杨坤",,,,,,,,,,,,,,,
她,"王思远,周华健",,,,,,,,,,,,,,,
暖,"伦永亮,林忆莲",,,,,,,,,,,,,,,
梦,任家萱,,,,,,,,,,,,,,,
烧,吉杰,,,,,,,,,,,,,,,
爱,"胡海泉,陈羽凡,苏有朋",,,,,,,,,,,,,,,
狼,"侯磊,齐秦",,,,,,,,,,,,,,,
狼,"齐秦,韩红",,,,,,,,,,,,,,,
狼,"胡海泉,徐林",,,,,,,,,,,,,,,
红,周华健,,,,,,,,,,,,,,,
罪,佛跳墙,,,,,,,,,,,,,,,
茧,赵浴辰,,,,,,,,,,,,,,,
藏,陈翔,,,,,,,,,,,,,,,
衬,张敬轩,,,,,,,,,,,,,,,
诺,"李炜,杨洋",,,,,,,,,,,,,,,
谜,陈坤,,,,,,,,,,,,,,,
歌曲名,表演者,,,,,,,,,,,,,,,
辞,范冰冰,,,,,,,,,,,,,,,
野,江映蓉,,,,,,,,,,,,,,,
门,曹方,,,,,,,,,,,,,,,
Baby,丁丁/黄一,,,,,,,,,,,,,,,
Bond,"HA:TFELT,Beenzino",,,,,,,,,,,,,,,
I DO,彭坦,,,,,,,,,,,,,,,
John,梁心颐,,,,,,,,,,,,,,,
Love,Hebe,,,,,,,,,,,,,,,
Mako,Priscilla Ahn,,,,,,,,,,,,,,,
Mine,2PM,,,,,,,,,,,,,,,
Star,15＆,,,,,,,,,,,,,,,
Stay,James,,,,,,,,,,,,,,,
Stay,少女时代-太蒂徐,,,,,,,,,,,,,,,
Taxi,"李珉宇,Eric",,,,,,,,,,,,,,,
Trap,"Henry,KyuHyun,TAEMIN",,,,,,,,,,,,,,,
easy,彭坦,,,,,,,,,,,,,,,
i am,林俊杰,,,,,,,,,,,,,,,
love,徐佳莹,,,,,,,,,,,,,,,
11:11,Illionaire Records,,,,,,,,,,,,,,,
Do It,"Pitbull,Mayer Hawthorne",,,,,,,,,,,,,,,
Hello,GOT7,,,,,,,,,,,,,,,
Intro,Toheart(WooHyun&Key),,,,,,,,,,,,,,,
OCEAN,"彭坦,春晓",,,,,,,,,,,,,,,
Sugar,15＆,,,,,,,,,,,,,,,
Truth,HA:TFELT,,,,,,,,,,,,,,,
Uh-ee,Crayon Pop,,,,,,,,,,,,,,,
do it,吴建豪,,,,,,,,,,,,,,,
180度,孙燕姿,,,,,,,,,,,,,,,
Fxxk U,"佳仁,Bumkey",,,,,,,,,,,,,,,
Get Up,阿肆,,,,,,,,,,,,,,,
Holler,少女时代-太蒂徐,,,,,,,,,,,,,,,
Lonely,孝琳(Sistar),,,,,,,,,,,,,,,
Moment,李昶F,,,,,,,,,,,,,,,
Mr.Chu,Apink,,,,,,,,,,,,,,,
Only U,少女时代-太蒂徐,,,,,,,,,,,,,,,
Rumors,Chau Pak Ho,,,,,,,,,,,,,,,
Timber,"Pitbull,Ke$ha",,,,,,,,,,,,,,,
doremi,郑秀文,,,,,,,,,,,,,,,
from u,super junior,,,,,,,,,,,,,,,
loveu2,陈伟霆,,,,,,,,,,,,,,,
一半,丁当,,,,,,,,,,,,,,,
一起,范晓萱,,,,,,,,,,,,,,,
七天,卢广仲,,,,,,,,,,,,,,,
不停,王啸坤,,,,,,,,,,,,,,,
不停,"梁晓雪,徐曼",,,,,,,,,,,,,,,
不朽,华晨宇,,,,,,,,,,,,,,,
不痛,樊凡,,,,,,,,,,,,,,,
不良,徐良,,,,,,,,,,,,,,,
不败,"吴建豪,2pm俊昊",,,,,,,,,,,,,,,
丝路,"陈楚生,阿兰",,,,,,,,,,,,,,,
两双,"谢安琪,吉克隽逸",,,,,,,,,,,,,,,
习惯,李慧珍,,,,,,,,,,,,,,,
争气,吉克隽逸,,,,,,,,,,,,,,,
人办,刘德华,,,,,,,,,,,,,,,
伙伴,群星,,,,,,,,,,,,,,,
传奇,孙楠,,,,,,,,,,,,,,,
伤痕,"范玮琪,胡维纳",,,,,,,,,,,,,,,
低嗨,张靓颖,,,,,,,,,,,,,,,
佛说,何晟铭,,,,,,,,,,,,,,,
倔强,Star4,,,,,,,,,,,,,,,
倔强,"肖懿航,耀乐团",,,,,,,,,,,,,,,
候鸟,尚雯婕,,,,,,,,,,,,,,,
倾世,霍建华,,,,,,,,,,,,,,,
傻笑,周杰伦,,,,,  /    袁咏琳,,,,,,,,,,
克蒙,王睿,,,,,,,,,,,,,,,
入戏,李宇春,,,,,,,,,,,,,,,
几点,陈冠希,,,,,  /    Mc Hotdog,,,,,  /    李璨琛,,,,,  /   
出发,纵贯线,,,,,,,,,,,,,,,
前传,林子祥,,,,,,,,,,,,,,,
匆匆,大学生播客,,,,,,,,,,,,,,,
医生,许嵩,,,,,,,,,,,,,,,
十年,刘若英,,,,,,,,,,,,,,,
半梦,金得哲,,,,,,,,,,,,,,,
卸妆,曾轶可,,,,,,,,,,,,,,,
厚爱,梁咏琪,,,,,,,,,,,,,,,
原来,信乐团,,,,,,,,,,,,,,,
听海,"肖洒,乔维怡",,,,,,,,,,,,,,,
味道,侯磊,,,,,,,,,,,,,,,
唱片,王啸坤,,,,,,,,,,,,,,,
囚鸟,田馥甄,,,,,,,,,,,,,,,
四季,"庞龙,吴碧霞",,,,,,,,,,,,,,,
回应,陈翔,,,,,,,,,,,,,,,
地心,汪峰,,,,,,,,,,,,,,,
坑爹,高维那,,,,,,,,,,,,,,,
坦白,RubberBand,,,,,,,,,,,,,,,
城市,张悬,,,,,,,,,,,,,,,
声音,"李代沫,费玉清",,,,,,,,,,,,,,,
多少,蔡健雅,,,,,,,,,,,,,,,
夜车,曾轶可,,,,,,,,,,,,,,,
大胆,张靓颖,,,,,,,,,,,,,,,
天台,"周杰伦,柯有伦,徐帆",,,,,,,,,,,,,,,
天命,"权振东,刘振宇",,,,,,,,,,,,,,,
天晴,曲泉丞,,,,,,,,,,,,,,,
天机,"阿信,魔幻力量",,,,,,,,,,,,,,,
天机,阿信/魔幻力量,,,,,,,,,,,,,,,
天空,"HAYA乐团,孙伯纶",,,,,,,,,,,,,,,
奇迹,江映蓉,,,,,,,,,,,,,,,
她们,陈楚生,,,,,,,,,,,,,,,
嫁妆,木江子组合,,,,,,,,,,,,,,,
宁夏,郁可唯,,,,,,,,,,,,,,,
守约,周蕙,,,,,,,,,,,,,,,
客梦,"周华健,张大春",,,,,,,,,,,,,,,
屋顶,"陶,关诗敏",,,,,,,,,,,,,,,
屋顶,"范玮琪,李建辉",,,,,,,,,,,,,,,
山河,韩磊,,,,,,,,,,,,,,,
序幕,李宇春,,,,,,,,,,,,,,,
当你,林俊杰,,,,,,,,,,,,,,,
当时,张信哲,,,,,,,,,,,,,,,
征服,那英/梁博/张玮/多亮/张赫宣,,,,,,,,,,,,,,,
征程,王啸坤,,,,,,,,,,,,,,,
微光,华晨宇,,,,,,,,,,,,,,,
微微,郭顶,,,,,,,,,,,,,,,
心情,"陈晓,赵丽颖",,,,,,,,,,,,,,,
心经,陈坤,,,,,,,,,,,,,,,
忘了,何洁,,,,,,,,,,,,,,,
恶人,孙子涵,,,,,  /    Xun,,,,,,,,,,
情圣,孙子涵/常定晨,,,,,,,,,,,,,,,
情圣,孙子涵,,,,,  /    常定晨,,,,,,,,,,
情敌,张津涤,,,,,,,,,,,,,,,
情话,徐良,,,,,,,,,,,,,,,
想念,陈楚生,,,,,,,,,,,,,,,
感应,纵贯线,,,,,,,,,,,,,,,
慈愿,韩红,,,,,,,,,,,,,,,
我们,羽泉,,,,,,,,,,,,,,,
我们,黑豹乐队,,,,,,,,,,,,,,,
我俩,"藤井美菜,李弘基",,,,,,,,,,,,,,,
打呼,"潘玮柏,杨丞琳",,,,,,,,,,,,,,,
指望,徐岑子,,,,,,,,,,,,,,,
故乡,旭日阳刚王旭,,,,,,,,,,,,,,,
故乡,帕尔哈提;王卓,,,,,,,,,,,,,,,
旅客,牛奶咖啡,,,,,,,,,,,,,,,
旅途,孙楠,,,,,,,,,,,,,,,
旅途,刘力扬,,,,,,,,,,,,,,,
无泪,袁姗姗/韩栋,,,,,,,,,,,,,,,
无泪,袁姗姗    /    韩栋,,,,,,,,,,,,,,,
无言,"张赫宣,卓义峰",,,,,,,,,,,,,,,
无言,张赫宣/卓义峰,,,,,,,,,,,,,,,
无限,陈柏宇,,,,,,,,,,,,,,,
星空,"刘雨欣,刘羽琦,杜沁怡,徐立",,,,,,,,,,,,,,,
春泥,张芸京,,,,,,,,,,,,,,,
是否,邓紫棋,,,,,,,,,,,,,,,
暴走,"王栎鑫,张杰",,,,,,,,,,,,,,,
曙光,娃娃,,,,,,,,,,,,,,,
最美,"陈羽凡,胡海泉",,,,,,,,,,,,,,,
月光,魏晨,,,,,,,,,,,,,,,
未来,魏晨,,,,,,,,,,,,,,,
枷锁,黑豹乐队,,,,,,,,,,,,,,,
桐花,钟欣桐,,,,,,,,,,,,,,,
梦想,周楚霏,,,,,,,,,,,,,,,
梦田,"齐秦,齐豫",,,,,,,,,,,,,,,
武装,江映蓉,,,,,,,,,,,,,,,
残爱,徐佳莹,,,,,,,,,,,,,,,
残缺,李炜,,,,,,,,,,,,,,,
民生,成龙,,,,,,,,,,,,,,,
民生,豆豆,,,,,,,,,,,,,,,
民生,成龙+刘媛媛,,,,,,,,,,,,,,,
沉淀,李霄云,,,,,,,,,,,,,,,
沐阳,演员王洋,,,,,,,,,,,,,,,
沐阳,王洋(演员),,,,,,,,,,,,,,,
沙滩,"范玮琪,曾静玟",,,,,,,,,,,,,,,
没收,戚薇,,,,,,,,,,,,,,,
沦陷,信,,,,,,,,,,,,,,,
泡沫,邓紫棋,,,,,,,,,,,,,,,
泡沫,G.E.M.邓紫棋,,,,,,,,,,,,,,,
波爷,"周杰伦,曾志伟,麦A玮,雪糕,袁咏琳",,,,,,,,,,,,,,,
泪河,希亚zya,,,,,,,,,,,,,,,
泼墨,"周华健,张大春",,,,,,,,,,,,,,,
洁癖,"严爵,五月天",,,,,,,,,,,,,,,
流恋,"吴奇隆,严艺丹",,,,,,,,,,,,,,,
流恋,吴奇隆/严艺丹,,,,,,,,,,,,,,,
清唱,塔斯肯,,,,,,,,,,,,,,,
清水,光良,,,,,,,,,,,,,,,
滚吧,莫龙丹,,,,,,,,,,,,,,,
满满,王铮亮/梁文音,,,,,,,,,,,,,,,
漂流,张恒远,,,,,,,,,,,,,,,
灯塔,彭坦,,,,,,,,,,,,,,,
烟火,陈翔,,,,,,,,,,,,,,,
烟火,黎明,,,,,,,,,,,,,,,
热浪,"姚旭之,罗熙杰",,,,,,,,,,,,,,,
爱上,小宇,,,,,,,,,,,,,,,
爱你,柯有伦,,,,,,,,,,,,,,,
爱吧,崔天琪,,,,,,,,,,,,,,,
爱情,田馥甄,,,,,,,,,,,,,,,
爱爱,王啸坤,,,,,,,,,,,,,,,
爱神,"钟汉良,胡杨林",,,,,,,,,,,,,,,
爱过,安以轩,,,,,,,,,,,,,,,
爱过,安以轩+陈楚生,,,,,,,,,,,,,,,
牵手,"丁泽强,徐林",,,,,,,,,,,,,,,
珍爱,rain,,,,,,,,,,,,,,,
理想,赵雷,,,,,,,,,,,,,,,
画壁,"孙俪,邓超",,,,,,,,,,,,,,,
画沙,周杰伦/袁咏琳,,,,,,,,,,,,,,,
画面,"梁晓雪,牛奶咖啡",,,,,,,,,,,,,,,
痛快,孙楠,,,,,,,,,,,,,,,
痴梦,黄英,,,,,,,,,,,,,,,
盲爱,"刘德华,郑秀文",,,,,,,,,,,,,,,
直觉,梁静茹,,,,,,,,,,,,,,,
瞬间,孙悦,,,,,,,,,,,,,,,
短发,"范玮琪,胡维纳",,,,,,,,,,,,,,,
禁区,迪克牛仔,,,,,,,,,,,,,,,
秋蝉,"毛宁,麦子杰",,,,,,,,,,,,,,,
秘境,木江子组合,,,,,,,,,,,,,,,
空房,杨坤,,,,,,,,,,,,,,,
童年,黑豹乐队,,,,,,,,,,,,,,,
等待,"侯磊,朱国武",,,,,,,,,,,,,,,
答案,"杨坤,郭采洁",,,,,,,,,,,,,,,
答案,"郭采洁,杨坤",,,,,,,,,,,,,,,
经过,"何洁,陈楚生",,,,,,,,,,,,,,,
结果,郑秀文,,,,,,,,,,,,,,,
给爱,"周艳泓,林依轮",,,,,,,,,,,,,,,
绿动,陈楚生,,,,,,,,,,,,,,,
缘来,"王铮亮,潘辰",,,,,,,,,,,,,,,
美人,李玉刚,,,,,,,,,,,,,,,
美景,电影原声,,,,,,,,,,,,,,,
翅膀,林依晨,,,,,,,,,,,,,,,
胡闹,吴克群,,,,,,,,,,,,,,,
艳遇,"李泉,李昕芸",,,,,,,,,,,,,,,
花沙,游鸿明,,,,,,,,,,,,,,,
荣光,叶世荣,,,,,,,,,,,,,,,
虐心,"徐良,孙羽幽",,,,,,,,,,,,,,,
虐心,徐良,,,,,  /    孙羽幽,,,,,,,,,,
觉醒,赵薇,,,,,,,,,,,,,,,
记忆,方力申,,,,,,,,,,,,,,,
许愿,武艺,,,,,,,,,,,,,,,
误会,飞轮海,,,,,,,,,,,,,,,
趁我,信,,,,,,,,,,,,,,,
趁早,"许诺,包文熙",,,,,,,,,,,,,,,
超错,陈奕迅,,,,,,,,,,,,,,,
追寻,孙楠,,,,,,,,,,,,,,,
逆流,黄耀明,,,,,,,,,,,,,,,
遇见,谭维维,,,,,,,,,,,,,,,
邂逅,"徐良,杨洋",,,,,,,,,,,,,,,
配角,sara,,,,,,,,,,,,,,,
酒歌,木江子组合,,,,,,,,,,,,,,,
醒了,戴爱玲,,,,,,,,,,,,,,,
铃铃,"萧敬腾,范玮琪",,,,,,,,,,,,,,,
长椅,刘若英,,,,,,,,,,,,,,,
阴谋,高世章,,,,,,,,,,,,,,,
阿福,陈楚生,,,,,,,,,,,,,,,
雪人,季忠平,,,,,,,,,,,,,,,
零度,张敬轩,,,,,,,,,,,,,,,
青葱,何韵诗,,,,,,,,,,,,,,,
青蛇,子雷,,,,,,,,,,,,,,,
青蛇,墨明棋妙,,,,,,,,,,,,,,,
面具,Star4,,,,,,,,,,,,,,,
风光,尚雯婕,,,,,,,,,,,,,,,
风景,曾轶可,,,,,,,,,,,,,,,
风象,钟欣桐,,,,,,,,,,,,,,,
飞舞,"信乐团,王冰洋",,,,,,,,,,,,,,,
鸿雁,云杰/布仁巴雅尔,,,,,,,,,,,,,,,
龙文,陈奕迅,,,,,,,,,,,,,,,
？？,Eru,,,,,,,,,,,,,,,
？？,？？,,,,,,,,,,,,,,,
？？,Crayon Pop,,,,,,,,,,,,,,,
？？,孝琳(Sistar),,,,,,,,,,,,,,,
？？,"Eric Nam,？？ - Infinite",,,,,,,,,,,,,,,
GOOD爱,欧弟,,,,,,,,,,,,,,,
Heritor,韩国原声带,,,,,,,,,,,,,,,
I Swear,"萧敬腾,B51造音乐团",,,,,,,,,,,,,,,
Joa Yo!,AOA,,,,,,,,,,,,,,,
My Life,50 Cent/Eminem/Adam Levine,,,,,,,,,,,,,,,
Opening,华语群星,,,,,,,,,,,,,,,
Rise…,东方神起,,,,,,,,,,,,,,,
Running,陈冠希,,,,,,,,,,,,,,,
X-Party,MIC,,,,,,,,,,,,,,,
twinkle,少女时代-太蒂徐,,,,,,,,,,,,,,,
画心2,张靓颖,,,,,,,,,,,,,,,
18 Years,"苏志燮,启明星",,,,,,,,,,,,,,,
Bad Girl,"Marilyn Manson,Avril Lavigne",,,,,,,,,,,,,,,
Birthday,Selena Gomez & The Scene,,,,,,,,,,,,,,,
Fireball,"Pitbull,John Ryan",,,,,,,,,,,,,,,
Hangover,"Psy,Snoop Dogg",,,,,,,,,,,,,,,
La La La,"Shakira,Carlinhos Brown",,,,,,,,,,,,,,,
Love You,金宇宙,,,,,,,,,,,,,,,
No Limit,李珉宇,,,,,,,,,,,,,,,
Only One,宝儿,,,,,,,,,,,,,,,
The Star,EXO,,,,,,,,,,,,,,,
With You,"周笔畅,Epik High",,,,,,,,,,,,,,,
love u 2,陈伟霆,,,,,,,,,,,,,,,
marry me,金贤重,,,,,,,,,,,,,,,
爱 2013,杨谨,,,,,,,,,,,,,,,
Apologize,James,,,,,,,,,,,,,,,
Beautiful,Sweet Sorrow,,,,,,,,,,,,,,,
Delicious,Toheart(WooHyun&Key),,,,,,,,,,,,,,,
Follow Me,陈雨霈,,,,,,,,,,,,,,,
Gentleman,"戴爱玲,Victor Lau",,,,,,,,,,,,,,,
God Storm,纯音乐,,,,,,,,,,,,,,,
Iron Girl,"HA:TFELT,惠林 (Wonder Girls)",,,,,,,,,,,,,,,
Let It Go,"Various Artists,Marsha Milan Londoh,Willemijn Verk",,,,,,,,,,,,,,,
Let It Go,"Marsha Milan Londoh,Willemijn Verkaik,Nadezhda Pan",,,,,,,,,,,,,,,
Love Life,周杰伦,,,,,,,,,,,,,,,
One Woman,张靓颖,,,,,,,,,,,,,,,
Porn Star,海龟先生,,,,,,,,,,,,,,,
Rather Be,"Jess Glynne,Clean Bandit",,,,,,,,,,,,,,,
Rebellion,"Linkin Park,Daron Malakian ",,,,,,,,,,,,,,,
Slow Down,Selena Gomez & The Scene,,,,,,,,,,,,,,,
Super Boy,金志文,,,,,,,,,,,,,,,
That High,"Pitbull,Kelly Rowland",,,,,,,,,,,,,,,
This game,木このみ,,,,,,,,,,,,,,,
Tico Tico,"Bebel Gilberto,朗朗",,,,,,,,,,,,,,,
Unlove Me,Leona Lewis,,,,,,,,,,,,,,,
slip away,刘德华,,,,,,,,,,,,,,,
一个人,"黄铃凯,吴青峰",,,,,,,,,,,,,,,
一剪梅,"胡彦斌,黄小琥",,,,,,,,,,,,,,,
一开始,刘心,,,,,,,,,,,,,,,
七字绝,孟文豪,,,,,,,,,,,,,,,
万物生,AK人声,,,,,,,,,,,,,,,
三脚歌,木江子组合,,,,,,,,,,,,,,,
三角心,李玟,,,,,,,,,,,,,,,
下雨天,武艺,,,,,,,,,,,,,,,
两生关,谢安琪,,,,,,,,,,,,,,,
为了爱,"刘庭羽,陆昱霖",,,,,,,,,,,,,,,
人人爱,陈奕迅,,,,,,,,,,,,,,,
他的猫,"徐良,杨曦",,,,,,,,,,,,,,,
会不会,杨坤,,,,,,,,,,,,,,,
你懂得,小沈阳/沈春阳,,,,,,,,,,,,,,,
你懂的,"金莎,后弦",,,,,,,,,,,,,,,
你懂的,"李贵府,乐乐",,,,,,,,,,,,,,,
倾听我,林心如,,,,,,,,,,,,,,,
假动作,房祖名,,,,,,,,,,,,,,,
偏执面,"张惠妹,蛋堡",,,,,,,,,,,,,,,
动物园,马飞,,,,,,,,,,,,,,,
勇敢爱,阮经天,,,,,,,,,,,,,,,
十三点,容祖儿,,,,,,,,,,,,,,,
千百度,许嵩,,,,,,,,,,,,,,,
卷珠帘,"霍尊,费玉清",,,,,,,,,,,,,,,
厚脸皮,ella陈嘉桦,,,,,,,,,,,,,,,
后 (？),J-Min,,,,,,,,,,,,,,,
吵架歌,"汪苏泷,Hari",,,,,,,,,,,,,,,
哈你歌,"庾澄庆,徐熙娣",,,,,,,,,,,,,,,
喜欢你,G.E.M.邓紫棋,,,,,,,,,,,,,,,
噢买尬,李晟,,,,,,,,,,,,,,,
回娘家,中国娃娃,,,,,,,,,,,,,,,
在一起,"钟欣桐,胡彦斌",,,,,,,,,,,,,,,
坏女孩,ella陈嘉桦,,,,,,,,,,,,,,,
夜了天,木江子组合,,,,,,,,,,,,,,,
夜玫瑰,尚雯婕,,,,,,,,,,,,,,,
大太阳,黄英,,,,,,,,,,,,,,,
大导演,赵薇,,,,,,,,,,,,,,,
天空下,范玮琪,,,,,,,,,,,,,,,
太疯癫,刘恺威,,,,,,,,,,,,,,,
套马杆,"乌兰图雅,乌日娜",,,,,,,,,,,,,,,
女人帮,江映蓉,,,,,,,,,,,,,,,
女儿情,芙蓉姐姐,,,,,,,,,,,,,,,
女儿雄,梁咏琪,,,,,,,,,,,,,,,
好时光,"霍建华,丁当",,,,,,,,,,,,,,,
好男儿,小沈阳,,,,,,,,,,,,,,,
孤儿泪,刘德华,,,,,,,,,,,,,,,
小妹妹,黄英,,,,,,,,,,,,,,,
小情歌,多亮/周笔畅,,,,,,,,,,,,,,,
小白脸,谢容儿/侯皓中,,,,,,,,,,,,,,,
带着爱,苏有朋,,,,,,,,,,,,,,,
幸运星,牛奶咖啡,,,,,,,,,,,,,,,
幽兰操,王菲,,,,,,,,,,,,,,,
幽默感,范晓萱,,,,,,,,,,,,,,,
开笼雀,王菀之,,,,,,,,,,,,,,,
开门红,"霍尊,艾菲",,,,,,,,,,,,,,,
很安静,飞轮海,,,,,,,,,,,,,,,
微情歌,孙子涵,,,,,  /    李潇潇,,,,,,,,,,
忘情水,"胡海泉,田斯斯",,,,,,,,,,,,,,,
快乐送,"吴莫愁,庾澄庆,艾菲,黄晓明",,,,,,,,,,,,,,,
想你啦,"龙梅子,冷漠",,,,,,,,,,,,,,,
想归想,欧弟,,,,,,,,,,,,,,,
想念式,苏醒,,,,,,,,,,,,,,,
我以为,王珞丹,,,,,,,,,,,,,,,
我们俩,郭顶,,,,,,,,,,,,,,,
我想爱,魏晨,,,,,,,,,,,,,,,
我最宅,"苍井空,果宝酱JAM",,,,,,,,,,,,,,,
我的城,常石磊,,,,,,,,,,,,,,,
我相信,中国好声音学员,,,,,,,,,,,,,,,
打架舞,"周杰伦,柯有伦,宋健彰,黄俊郎",,,,,,,,,,,,,,,
找自己,木江子组合,,,,,,,,,,,,,,,
找自己,"李龙,MIC男团",,,,,,,,,,,,,,,
抱紧你,萧亚轩,,,,,,,,,,,,,,,
拆东墙,许嵩,,,,,,,,,,,,,,,
收留我,s.h.e,,,,,,,,,,,,,,,
斑马线,唐朝乐队,,,,,,,,,,,,,,,
斗零t,杨千,,,,,,,,,,,,,,,
新鲜爱,周楚霏,,,,,,,,,,,,,,,
方向？,陈妍希,,,,,,,,,,,,,,,
无名花,蹇红,,,,,,,,,,,,,,,
无？果,严艺丹,,,,,,,,,,,,,,,
旧时光,Sara,,,,,,,,,,,,,,,
早上好,牛奶咖啡,,,,,,,,,,,,,,,
星辰变,吴克群,,,,,,,,,,,,,,,
晚安曲,陈珊妮,,,,,,,,,,,,,,,
暖暖手,郭书瑶,,,,,,,,,,,,,,,
暖暖手,郭书瑶+井柏然,,,,,,,,,,,,,,,
有你在,吴建豪,,,,,,,,,,,,,,,
有我在,胡宇崴,,,,,,,,,,,,,,,
有时候,张靓颖,,,,,,,,,,,,,,,
望远方,陈柏宇,,,,,,,,,,,,,,,
梦缠绵,"庄心妍,冷漠",,,,,,,,,,,,,,,
比较爱,梁静茹,,,,,,,,,,,,,,,
毕业歌,BOBO,,,,,,,,,,,,,,,
没关系,吴克群,,,,,,,,,,,,,,,
没时间,牛奶咖啡,,,,,,,,,,,,,,,
流浪记,"张捷,李祥祥",,,,,,,,,,,,,,,
流浪记,"吉克隽逸,谢安琪",,,,,,,,,,,,,,,
滴滴滴,许哲佩,,,,,,,,,,,,,,,
漂流木,"谢沛恩,韦礼安",,,,,,,,,,,,,,,
漂流瓶,张靓颖,,,,,,,,,,,,,,,
燕儿飞,"宋小宝,王一[",,,,,,,,,,,,,,,
爱作战,何韵诗,,,,,,,,,,,,,,,
爱别离,刘惜君,,,,,,,,,,,,,,,
爱如电,谭晶,,,,,,,,,,,,,,,
爱引力,唐嫣,,,,,,,,,,,,,,,
爱很美,sara,,,,,,,,,,,,,,,
爱很美,sara 刘佳,,,,,,,,,,,,,,,
爱最大,"谢霆锋,廿四味",,,,,,,,,,,,,,,
爱极限,许慧欣,,,,,,,,,,,,,,,
爱转动,"肖洒,唐一嘉",,,,,,,,,,,,,,,
牧马人,杨坤/丁丁/平安/金志文/关,,,,,,,,,,,,,,,
狠狠哭,郭采洁,,,,,,,,,,,,,,,
狠狠爱,"丁于,王琪玮",,,,,,,,,,,,,,,
王见王,"罗志祥,杨丞琳",,,,,,,,,,,,,,,
玫瑰香,"范玮琪,胡维纳",,,,,,,,,,,,,,,
生还者,蔡卓妍,,,,,,,,,,,,,,,
田园香,,,,,,,,,,,,,,,,
男人歌,"小沈阳,高进",,,,,,,,,,,,,,,
白兰花,林俊杰,,,,,,,,,,,,,,,
相思垢,金莎,,,,,,,,,,,,,,,
相思曲,张嘉倪,,,,,,,,,,,,,,,
相思网,"崔子格,徐誉滕",,,,,,,,,,,,,,,
相见欢,"熊汝霖,姚贝娜",,,,,,,,,,,,,,,
看我的,任贤齐,,,,,,,,,,,,,,,
真的吗,"萧敬腾,刘锦泽",,,,,,,,,,,,,,,
秦淮景,徐惠芬,,,,,,,,,,,,,,,
第二梦,苍井空,,,,,,,,,,,,,,,
红丝带,"张敬轩,孙耀威",,,,,,,,,,,,,,,
继续爱,飞轮海,,,,,,,,,,,,,,,
罗生门,罗志祥,,,,,,,,,,,,,,,
美人鱼,鱼淼淼,,,,,,,,,,,,,,,
美术馆,电影原声,,,,,,,,,,,,,,,
羽绒服,曾轶可,,,,,,,,,,,,,,,
老男孩,丽江四咖,,,,,,,,,,,,,,,
耶咯耶,张玮,,,,,,,,,,,,,,,
肩上蝶,金志文/汤晓菲,,,,,,,,,,,,,,,
自己人,那英,,,,,,,,,,,,,,,
自己人,那英+屠洪刚,,,,,,,,,,,,,,,
自己人,那英+  屠洪刚,,,,,,,,,,,,,,,
茉莉恋,萧敬腾,,,,,,,,,,,,,,,
见习爱,武艺,,,,,,,,,,,,,,,
记事本,"范玮琪,曾静玟",,,,,,,,,,,,,,,
赋别曲,周传雄,,,,,,,,,,,,,,,
赛尔号,张杰,,,,,,,,,,,,,,,
超新星,黄立行,,,,,,,,,,,,,,,
超梦幻,郑爽,,,,,,,,,,,,,,,
这是爱,李东海,,,,,,,,,,,,,,,
野蔷薇,戴佩妮,,,,,,,,,,,,,,,
金钟罩,许志安,,,,,,,,,,,,,,,
钱难赚,"柯有伦,宋健彰,黄俊郎",,,,,,,,,,,,,,,
青菜秧,木江子组合,,,,,,,,,,,,,,,
马小跳,胡灵,,,,,,,,,,,,,,,
高八度,王菀之,,,,,,,,,,,,,,,
麦A玮,周杰伦,,,,,,,,,,,,,,,
龙卷风,G.E.M.邓紫棋,,,,,,,,,,,,,,,
？？？,K.Will,,,,,,,,,,,,,,,
？？？,miss A,,,,,,,,,,,,,,,
？？？,Jay Park,,,,,,,,,,,,,,,
？？？,崔振赫,,,,,,,,,,,,,,,
？？？,"Navi,Kebee",,,,,,,,,,,,,,,
？？？,"宣美,Lena",,,,,,,,,,,,,,,
？？？,防弹少年团,,,,,,,,,,,,,,,
#Beautiful,"Mariah Carey,Miguel",,,,,,,,,,,,,,,
#ThatPOWER,"Justin Bieber,will.i.am",,,,,,,,,,,,,,,
8090的歌,张杰,,,,,,,,,,,,,,,
Con Locura,Sohanny Sua,,,,,,,,,,,,,,,
Easy Lover,"林志炫,萧敬腾",,,,,,,,,,,,,,,
Fly My Way,林宥嘉,,,,,,,,,,,,,,,
Holy Grail,"Jay-Z,Justin Timberlake",,,,,,,,,,,,,,,
How I Wish,梁咏琪,,,,,,,,,,,,,,,
I Like You,GOT7,,,,,,,,,,,,,,,
I Love You,"鬼鬼,玉泽演",,,,,,,,,,,,,,,
Last Romeo,,,,,,,,,,,,,,,,
Le miracle,C&eacute;line Dion,,,,,,,,,,,,,,,
Sugar Free,T-ara,,,,,,,,,,,,,,,
Suit & Tie,Justin Timberlake,,,,,  /    Jay-Z,,,,,,,,,,
Superpower,"Beyonce,Frank Ocean",,,,,,,,,,,,,,,
Talk Dirty,"Jason Derulo,2 Chainz",,,,,,,,,,,,,,,
Talk To Me,？？？,,,,,,,,,,,,,,,
The Shadow,宝儿,,,,,,,,,,,,,,,
伤+患者,李代沫,,,,,,,,,,,,,,,
你好吗!,易桀齐,,,,,,,,,,,,,,,
北京City,"苏醒,鲁赛赛",,,,,,,,,,,,,,,
她 (Live),王思远,,,,,,,,,,,,,,,
忐忑+Bad,张玮,,,,,,,,,,,,,,,
我能CHUA,马飞,,,,,,,,,,,,,,,
"爱,复活",李小璐,,,,,,,,,,,,,,,
画 (Live),赵雷,,,,,,,,,,,,,,,
站台2010,杨坤,,,,,,,,,,,,,,,
谁Control,韩庚,,,,,,,,,,,,,,,
？ ？？,文明真,,,,,,,,,,,,,,,
？ ？？,？？？,,,,,,,,,,,,,,,
？？？2,Cold Cherry,,,,,,,,,,,,,,,
7岁 (7？),JYJ,,,,,,,,,,,,,,,
Double Face,谢容儿,,,,,,,,,,,,,,,
Future Wife,Phantom,,,,,,,,,,,,,,,
It’s Over,李夏怡,,,,,,,,,,,,,,,
Jaeger Tech,Tom Morello,,,,,,,,,,,,,,,
LIKE A SOAP,东方神起,,,,,,,,,,,,,,,
Lotus Intro,Christina Aguilera,,,,,,,,,,,,,,,
Pacific Rim,Tom Morello,,,,,,,,,,,,,,,
Ringa Linga,太阳(BIGBANG),,,,,,,,,,,,,,,
Secret Love,"？？,Outsider",,,,,,,,,,,,,,,
Set Me Free,TAEYEON,,,,,,,,,,,,,,,
Stars Dance,Selena Gomez & The Scene,,,,,,,,,,,,,,,
Summer Time,"吉克隽逸,Snoop Dogg",,,,,,,,,,,,,,,
Super Woman,"萧敬腾,肖洒",,,,,,,,,,,,,,,
Tell Me Why,Toheart(WooHyun&Key),,,,,,,,,,,,,,,
The Monster,"Eminem,Rihanna",,,,,,,,,,,,,,,
Without You,"黄绮珊,The One",,,,,,,,,,,,,,,
baby sister,曾轶可+李霄云,,,,,,,,,,,,,,,
be with you,潘玮柏/akon,,,,,,,,,,,,,,,
glee sunday,给力小子,,,,,,,,,,,,,,,
why me 2010,李宇春,,,,,,,,,,,,,,,
失恋Style,丁丁,,,,,,,,,,,,,,,
有Me就好,alan,,,,,,,,,,,,,,,
爱・转弯,王子鸣,,,,,,,,,,,,,,,
Ain't Nobody,HA:TFELT,,,,,,,,,,,,,,,
Can’t Stop,CNBLUE,,,,,,,,,,,,,,,
Encore La La,郭静,,,,,,,,,,,,,,,
Endless Love,"萧敬腾,吴琼",,,,,,,,,,,,,,,
Forever Road,曾轶可,,,,,,,,,,,,,,,
Gipsy Danger,电影原声,,,,,,,,,,,,,,,
Gwiyomi song,Hari,,,,,,,,,,,,,,,
HK Superstar,欧阳靖,,,,,,,,,,,,,,,
Love Someone,Dub FX,,,,,,,,,,,,,,,
Love Supreme,李珉宇,,,,,,,,,,,,,,,
Moopa 暮趴,黄晓明,,,,,,,,,,,,,,,
Ready or not,杨千,,,,,,,,,,,,,,,
Run (奔跑),EXO-M,,,,,,,,,,,,,,,
Stay With Me,"太阳,G-Dragon",,,,,,,,,,,,,,,
Troublemaker,Olly Murs/Flo Rida,,,,,,,,,,,,,,,
Who You Love,"John Mayer,Katy Perry",,,,,,,,,,,,,,,
dancing girl,马赛克乐队,,,,,,,,,,,,,,,
in the ocean,"梁晓雪,魏如萱",,,,,,,,,,,,,,,
in the ocean,魏如萱+梁晓雪,,,,,,,,,,,,,,,
一半一半,吴克群,,,,,,,,,,,,,,,
一夜惊喜,范冰冰&李治廷,,,,,,,,,,,,,,,
一夜惊喜,"范冰冰,李治廷",,,,,,,,,,,,,,,
一念执着,胡歌,,,,,,,,,,,,,,,
一无所有,"陈羽凡,陈俊豪",,,,,,,,,,,,,,,
一生一世,方力申,,,,,,,,,,,,,,,
一直相爱,许志安,,,,,,,,,,,,,,,
一直都在,郭富城,,,,,,,,,,,,,,,
一眼初春,"孙子涵,Xun,常定晨,小峰峰",,,,,,,,,,,,,,,
一瞬之光,a-lin,,,,,,,,,,,,,,,
一见钟情,李晟,,,,,,,,,,,,,,,
一见钟情,李炜,,,,,,,,,,,,,,,
一见钟情,"柳岩,黄灿盛",,,,,,,,,,,,,,,
一言难尽,"陈羽凡,陈俊豪",,,,,,,,,,,,,,,
一起老去,"薛凯琪,陈意涵,杨子姗",,,,,,,,,,,,,,,
一路挺你,羽泉,,,,,,,,,,,,,,,
一路高飞,妞妞（好声音学员）,,,,,,,,,,,,,,,
一页台北,郭采洁,,,,,,,,,,,,,,,
万有引力,汪苏泷,,,,,,,,,,,,,,,
三天三夜,"歌浴森,张玮",,,,,,,,,,,,,,,
三天三夜,歌浴森/张玮,,,,,,,,,,,,,,,
不再联系,"夏天Alex,崔子格",,,,,,,,,,,,,,,
不再联系,"崔子格,夏天Alex",,,,,,,,,,,,,,,
不只有缘,张学友,,,,,,,,,,,,,,,
不如今晚,"陈慧琳,郑伊健,梁家辉",,,,,,,,,,,,,,,
不屑悲伤,戴爱玲,,,,,,,,,,,,,,,
不想放手,井柏然,,,,,,,,,,,,,,,
不敢爱你,杨坤,,,,,,,,,,,,,,,
不留纪念,周觅,,,,,,,,,,,,,,,
不盲不爱,"刘德华,郑秀文",,,,,,,,,,,,,,,
为你伤怀,蓝雨,,,,,,,,,,,,,,,
为你钟情,卫兰,,,,,,,,,,,,,,,
为梦痴狂,"常石磊,孙伯纶,于超颖,霍尊,郭一帆",,,,,,,,,,,,,,,
为梦而狂,"关,茜拉",,,,,,,,,,,,,,,
为爱启丞,杨丞琳,,,,,,,,,,,,,,,
为爱相随,"韩雷,路默依",,,,,,,,,,,,,,,
九个太阳,周晓鸥,,,,,,,,,,,,,,,
九月鹰飞,"李治廷,黄龄",,,,,,,,,,,,,,,
乱世佳人,张继聪,,,,,,,,,,,,,,,
五环之歌,"王麟,南城二哥",,,,,,,,,,,,,,,
亲密爱人,"胡海泉,田斯斯",,,,,,,,,,,,,,,
什么什么,尚雯婕,,,,,,,,,,,,,,,
传奇罪人,李克勤,,,,,,,,,,,,,,,
你不爱我,郁可唯,,,,,,,,,,,,,,,
你是女生,80年代组合,,,,,,,,,,,,,,,
你的样子,齐秦,,,,,,,,,,,,,,,
你的眼泪,许美静,,,,,,,,,,,,,,,
你的眼睛,"陈羽凡,米可",,,,,,,,,,,,,,,
你让我懂,陈慧琳,,,,,,,,,,,,,,,
侠侣神雕,张宇,,,,,,,,,,,,,,,
保龄男孩,电影原声,,,,,,,,,,,,,,,
傻瓜旅行,桂雨,,,,,,,,,,,,,,,
像个孩子,"张恒远,汪峰",,,,,,,,,,,,,,,
兄弟一起,胡志辉,,,,,,,,,,,,,,,
全城热恋,bobo,,,,,,,,,,,,,,,
六号包厢,袁成杰,,,,,,,,,,,,,,,
六月飞霜,陈奕迅,,,,,,,,,,,,,,,
分手分手,,,,,,,,,,,,,,,,
分手天才,,,,,,,,,,,,,,,,
勇敢一点,弦子,,,,,,,,,,,,,,,
勇敢一点,曾轶可,,,,,,,,,,,,,,,
北京北京,James,,,,,,,,,,,,,,,
北京北京,"梁博,黄勇",,,,,,,,,,,,,,,
北京北京,梁博/黄勇,,,,,,,,,,,,,,,
千年之恋,"呼斯楞,央吉玛",,,,,,,,,,,,,,,
半熟恋人,袁咏琳,,,,,,,,,,,,,,,
单人季节,"单色凌,伽菲珈而",,,,,,,,,,,,,,,
单身情歌,"陈羽凡,陈俊豪",,,,,,,,,,,,,,,
南屏晚钟,"胡海泉,范玮琪",,,,,,,,,,,,,,,
印象大海,陈楚生,,,,,,,,,,,,,,,
原来有你,"郑源,郑东",,,,,,,,,,,,,,,
原来的我,"范玮琪,曾静玟",,,,,,,,,,,,,,,
友情岁月,黄晓明/余文乐/阮经天,,,,,,,,,,,,,,,
友情岁月,黄晓明,,,,,  /    余文乐,,,,,  /    阮经天,,,,,
友爱十年,twins,,,,,,,,,,,,,,,
另眼相看,萧煌奇,,,,,,,,,,,,,,,
只得一生,罗大佑,,,,,,,,,,,,,,,
后会无期,G.E.M.邓紫棋,,,,,,,,,,,,,,,
吟游诗人,陈奕迅,,,,,,,,,,,,,,,
听见了吗,卢广仲,,,,,,,,,,,,,,,
告别飞行,陶,,,,,,,,,,,,,,,
呼吸需要,杨千,,,,,,,,,,,,,,,
哎呀咿呀,陈奕迅,,,,,,,,,,,,,,,
唱到响亮,多诺组合,,,,,,,,,,,,,,,
喜欢孤独,陈乔恩,,,,,,,,,,,,,,,
回不去了,信乐团,,,,,,,,,,,,,,,
回到最初,蔡淳佳,,,,,,,,,,,,,,,
回家的路,"曾一鸣,尹熙水,金贵晟",,,,,,,,,,,,,,,
圣女不败,杨千,,,,,,,,,,,,,,,
在我怀里,方炯镔,,,,,,,,,,,,,,,
城市人间,"周笔畅,陈珊妮",,,,,,,,,,,,,,,
夏花秋叶,梁咏琪,,,,,,,,,,,,,,,
多么爱你,零点乐队,,,,,,,,,,,,,,,
夜(live版),刘欢,,,,,,,,,,,,,,,
夜夜夜夜,金池/熊天平,,,,,,,,,,,,,,,
大彻大悟,徐一鸣,,,,,,,,,,,,,,,
大闹天宫,"毕夏,张恒远",,,,,,,,,,,,,,,
天天想你,"萧敬腾,林惠敏",,,,,,,,,,,,,,,
天天想你,"满文军,南方二重唱",,,,,,,,,,,,,,,
天耀中华,徐千雅,,,,,,,,,,,,,,,
天马行空,周国贤,,,,,,,,,,,,,,,
失恋旁白,许志安,,,,,,,,,,,,,,,
头发湿的,中国星力量学员,,,,,,,,,,,,,,,
奇经八脉,邰正宵,,,,,,,,,,,,,,,
她 (新编),马上又,,,,,,,,,,,,,,,
好为仁师,"周晋进,励敏",,,,,,,,,,,,,,,
好像爱情,张信哲,,,,,,,,,,,,,,,
好好就好,何润东,,,,,,,,,,,,,,,
如此珍惜,"黄征,张歆艺",,,,,,,,,,,,,,,
妙手空空,成龙/周华健/张震岳,,,,,,,,,,,,,,,
守护天使,"陈宇浩,西单女孩",,,,,,,,,,,,,,,
完美英雄,阿杜,,,,,,,,,,,,,,,
家的味道,庞龙,,,,,,,,,,,,,,,
寂寞先生,刘悦/曹格,,,,,,,,,,,,,,,
就是现在,陈楚生,,,,,,,,,,,,,,,
山高水长,陈楚生,,,,,,,,,,,,,,,
左右为难,"陈羽凡,黄永卓",,,,,,,,,,,,,,,
幸福事小,倪安东,,,,,,,,,,,,,,,
幸福宣言,"孙楠,罗中旭",,,,,,,,,,,,,,,
幸福家乡,"李玉刚,安与骑兵",,,,,,,,,,,,,,,
幸福朝阳,丁晓红,,,,,,,,,,,,,,,
幸福来了,"光良,江美琪",,,,,,,,,,,,,,,
幸福牵手,孙楠,,,,,,,,,,,,,,,
幸福的糖,许慧欣,,,,,,,,,,,,,,,
幸福预兆,杨丞琳,,,,,,,,,,,,,,,
幸运大门,郭顶,,,,,,,,,,,,,,,
幸运符号,TFBOYS,,,,,,,,,,,,,,,
幻与幻想,赵薇,,,,,,,,,,,,,,,
张灯结彩,"阿宝,王二妮",,,,,,,,,,,,,,,
彩虹天使,香香,,,,,,,,,,,,,,,
往前一步,孟非,,,,,,,,,,,,,,,
微笑上海,群星,,,,,,,,,,,,,,,
心的节奏,G.E.M.邓紫棋,,,,,,,,,,,,,,,
快乐舞曲,丁晓红,,,,,,,,,,,,,,,
快门慢舞,"Darren,李心艾",,,,,,,,,,,,,,,
怎么会哭,张栋梁,,,,,,,,,,,,,,,
恋爱涟漪,林一峰,,,,,,,,,,,,,,,
情深意长,央吉玛,,,,,,,,,,,,,,,
情深意长,吉克隽逸,,,,,,,,,,,,,,,
情非得已,"庾澄庆,李敏镐",,,,,,,,,,,,,,,
惊鸿一面,"许嵩,黄龄",,,,,,,,,,,,,,,
惯性冬眠,钟欣桐,,,,,,,,,,,,,,,
我不难过,"曾静玟,胡维纳",,,,,,,,,,,,,,,
我们的爱,"陈羽凡,韦婕",,,,,,,,,,,,,,,
我在这里,李宇春,,,,,,,,,,,,,,,
我就是我,ella陈嘉桦,,,,,,,,,,,,,,,
我很快乐,刘惜君,,,,,,,,,,,,,,,
我曾有梦,迪克牛仔,,,,,,,,,,,,,,,
我最摇摆,"贾剑龙,耀乐团",,,,,,,,,,,,,,,
我爱的你,"严宽,杜若溪",,,,,,,,,,,,,,,
我的神奇,周笔畅,,,,,,,,,,,,,,,
我的秘密,邓紫棋,,,,,,,,,,,,,,,
我的舞台,张杰,,,,,,,,,,,,,,,
我给的爱,"萧敬腾,田雨莫",,,,,,,,,,,,,,,
我能给的,吴克群,,,,,,,,,,,,,,,
我要给你,庾澄庆/吴莫愁,,,,,,,,,,,,,,,
把心拉近,吴克群,,,,,,,,,,,,,,,
报告老板,"白客,小爱,子墨,本煜",,,,,,,,,,,,,,,
拆弹专家,华晨宇,,,,,,,,,,,,,,,
放低过去,钟欣桐,,,,,,,,,,,,,,,
放过自己,陈柏宇,,,,,,,,,,,,,,,
故乡的云,韩红,,,,,,,,,,,,,,,
故乡的云,"刘明辉,扎西顿珠",,,,,,,,,,,,,,,
敢不敢爱,胡歌,,,,,,,,,,,,,,,
文化中国,丁晓红,,,,,,,,,,,,,,,
无&bull;果,严艺丹,,,,,,,,,,,,,,,
无可奉告,何嘉丽,,,,,,,,,,,,,,,
无声情歌,"辛晓琪,齐秦",,,,,,,,,,,,,,,
无聊的狠,"关,郭涛,高虎",,,,,,,,,,,,,,,
无限之城,陈奕迅,,,,,,,,,,,,,,,
明天以后,戴佩妮,,,,,,,,,,,,,,,
春夏秋冬,林一峰,,,,,,,,,,,,,,,
春暖花开,伊能静,,,,,,,,,,,,,,,
春花秋叶,梁咏琪,,,,,,,,,,,,,,,
晴天娃娃,旺福,,,,,,,,,,,,,,,
最佳听众,"韩庚,萧亚轩",,,,,,,,,,,,,,,
最后情人,容祖儿,,,,,,,,,,,,,,,
最深的痛,一加一组合,,,,,,,,,,,,,,,
月光晴朗,马天宇,,,,,,,,,,,,,,,
有时候爱,品冠,,,,,,,,,,,,,,,
柳暗花明,王菀之,,,,,,,,,,,,,,,
梦的怒放,魏晨,,,,,,,,,,,,,,,
活的美好,孙楠,,,,,,,,,,,,,,,
浪人情歌,许茹芸,,,,,,,,,,,,,,,
海宝来了,张韶涵,,,,,,,,,,,,,,,
海洋天堂,桂纶镁,,,,,,,,,,,,,,,
海阔天空,邓晓坤,,,,,,,,,,,,,,,
海阔天空,"丁泽强,卢望",,,,,,,,,,,,,,,
淹死的鱼,李宇春,,,,,,,,,,,,,,,
港边男儿,卢广仲,,,,,,,,,,,,,,,
点亮未来,"张靓颖,金秀贤,张杰,噶丽娅",,,,,,,,,,,,,,,
烟花翩翩,胡杨林,,,,,,,,,,,,,,,
爱上你了,"张柏芝,黄维德",,,,,,,,,,,,,,,
爱小于三,陈威全,,,,,,,,,,,,,,,
爱很简单,"萧敬腾,唐一嘉",,,,,,,,,,,,,,,
爱情限定,刘若英,,,,,,,,,,,,,,,
爱情限定,纯音乐,,,,,,,,,,,,,,,
爱我别走,木江子组合,,,,,,,,,,,,,,,
爱我别走,"范玮琪,王矜霖",,,,,,,,,,,,,,,
爱是你我,"李维真,谢丹",,,,,,,,,,,,,,,
爱是你我,李维真/谢丹,,,,,,,,,,,,,,,
爱的力量,旭日阳刚王旭,,,,,,,,,,,,,,,
爱的旅程,那英,,,,,,,,,,,,,,,
爱终人散,范冰冰,,,,,,,,,,,,,,,
爱过留情,"崔子格,刘雨潼",,,,,,,,,,,,,,,
爸比宝贝,"崔天琪,钟伟强",,,,,,,,,,,,,,,
猫鼠游戏,"阿雅,张馨予,刘怡君,刘凡菲,黄一琳",,,,,,,,,,,,,,,
玩转世界,俞思远,,,,,,,,,,,,,,,
玫瑰人生,"苏菲・玛索,刘欢",,,,,,,,,,,,,,,
生命阳光,解小东,,,,,,,,,,,,,,,
生如夏花,MIC,,,,,,,,,,,,,,,
生理时钟,罗志祥,,,,,,,,,,,,,,,
男人好难,"沙宝亮,黄渤",,,,,,,,,,,,,,,
男孩的梦,陈楚生,,,,,,,,,,,,,,,
男左女右,男才女貌,,,,,,,,,,,,,,,
画(live版),赵雷,,,,,,,,,,,,,,,
相信未来,巫启贤,,,,,,,,,,,,,,,
碳粉知己,"周艳泓,师鹏",,,,,,,,,,,,,,,
秋天的风,"郑源,郑东",,,,,,,,,,,,,,,
秋日物语,斯琴高丽,,,,,,,,,,,,,,,
等你爱我,王琪玮/多亮,,,,,,,,,,,,,,,
等你爱我,"邓小坤,郭帅",,,,,,,,,,,,,,,
等待绽放,高宇,,,,,,,,,,,,,,,
策马奔腾,凤凰传奇,,,,,,,,,,,,,,,
经典爱情,邰正宵,,,,,,,,,,,,,,,
给力青春,天娱群星,,,,,,,,,,,,,,,
绝口不提,大鹏,,,,,,,,,,,,,,,
绝对不放,吴克群,,,,,,,,,,,,,,,
美俪暗号,孙俪,,,,,,,,,,,,,,,
老中医说,许诺,,,,,,,,,,,,,,,
老婆是天,云菲菲,,,,,,,,,,,,,,,
肆无忌惮,棒棒堂,,,,,,,,,,,,,,,
舞动奇迹,陈翔,,,,,,,,,,,,,,,
花房姑娘,"李倩,籍俪",,,,,,,,,,,,,,,
花房姑娘,魏语诺/林志炫,,,,,,,,,,,,,,,
花桥流水,高安/纳兰珠儿,,,,,,,,,,,,,,,
若无其事,房祖名,,,,,,,,,,,,,,,
落花流水,苏永康,,,,,,,,,,,,,,,
蓝色翅膀,丁当,,,,,,,,,,,,,,,
蔚蓝海岸,梁静茹,,,,,,,,,,,,,,,
蝴蝶自在,齐秦,,,,,,,,,,,,,,,
蝴蝶自在,齐秦+  齐...,,,,,,,,,,,,,,,
西门吹雪,郭易,,,,,,,,,,,,,,,
让你依靠,张杰,,,,,,,,,,,,,,,
让爱从头,周晓欧,,,,,,,,,,,,,,,
说你爱我,"张睿,许艺娜",,,,,,,,,,,,,,,
超生培欲,麦浚龙,,,,,,,,,,,,,,,
身在梁山,"周华健,张大春",,,,,,,,,,,,,,,
转身之后,Bii,,,,,,,,,,,,,,,
过站不停,杨坤,,,,,,,,,,,,,,,
这个世界,贾静雯,,,,,,,,,,,,,,,
迷走江湖,窦唯,,,,,,,,,,,,,,,
选秀明星,苏醒,,,,,,,,,,,,,,,
速度对比,李治廷,,,,,,,,,,,,,,,
那个女孩,"陶,卢广仲",,,,,,,,,,,,,,,
那些花儿,"六弦,王矜霖",,,,,,,,,,,,,,,
那又怎样,那英,,,,,,,,,,,,,,,
醉过以后,郭斯炫,,,,,,,,,,,,,,,
陪你幸福,"李承铉,安以轩",,,,,,,,,,,,,,,
零时起哄,mr.,,,,,,,,,,,,,,,
青春再见,"水木年华,老狼,李健,叶世荣",,,,,,,,,,,,,,,
青春绽放,陈晓东,,,,,,,,,,,,,,,
青梅竹马,张杰,,,,,,,,,,,,,,,
非常完美,张韶涵,,,,,,,,,,,,,,,
风吹麦浪,"李健,孙俪",,,,,,,,,,,,,,,
风吹麦浪,"蔡明,潘长江",,,,,,,,,,,,,,,
饮酒思源,杨千,,,,,,,,,,,,,,,
黄河长江,"张雨生,杨培安",,,,,,,,,,,,,,,
黑暗骑士,"林俊杰,阿信",,,,,,,,,,,,,,,
黑白之间,"戚薇,范逸臣",,,,,,,,,,,,,,,
？？？？,"Jay Park,Simon Dominic,Gray",,,,,,,,,,,,,,,
7天追到你,林宇中,,,,,,,,,,,,,,,
Cliff Tension,韩国原声带,,,,,,,,,,,,,,,
Dream Catcher,韩国原声带,,,,,,,,,,,,,,,
Funny Partner,"戴燕妮,张柏鸣",,,,,,,,,,,,,,,
Just A Memory,电影原声,,,,,,,,,,,,,,,
Leaving India,纯音乐,,,,,,,,,,,,,,,
Make You Mine,刘雨潼,,,,,,,,,,,,,,,
My Oh My(MOM),少女时代,,,,,,,,,,,,,,,
Say Something,Christina Aguilera,,,,,,,,,,,,,,,
She's ma girl,2PM,,,,,,,,,,,,,,,
Water of Love,郑秀文,,,,,,,,,,,,,,,
假如 (Live),徐剑秋,,,,,,,,,,,,,,,
前度 新版,朱雅,,,,,,,,,,,,,,,
北京 北京,"陈羽凡,萧敬腾",,,,,,,,,,,,,,,
她 （Her）,海龟先生,,,,,,,,,,,,,,,
"我,一个人",付辛博,,,,,,,,,,,,,,,
"明天,你好",牛奶咖啡,,,,,,,,,,,,,,,
浏阳河2008,陶,,,,,,,,,,,,,,,
爱情shalala,米娜,,,,,,,,,,,,,,,
爱我 恨我,吴克t,,,,,,,,,,,,,,,
"这,就是爱",张杰,,,,,,,,,,,,,,,
逆光 (Live),陈冰,,,,,,,,,,,,,,,
？？ ？？,Rain,,,,,,,,,,,,,,,
？？ ？？,李敏镐,,,,,,,,,,,,,,,
？？ ？？,"LYn,？？？ of ？？？",,,,,,,,,,,,,,,
？？？ ？,电视原声,,,,,,,,,,,,,,,
8+8=8 (新编),刘博宽,,,,,,,,,,,,,,,
Dying for love,Dream Girls,,,,,,,,,,,,,,,
Global Warming,Pitbull/Sensato,,,,,,,,,,,,,,,
High High High,"丁于,田斯斯",,,,,,,,,,,,,,,
Lady Marmalade,G.E.M.邓紫棋,,,,,,,,,,,,,,,
Last Christmas,Taylor Swift,,,,,,,,,,,,,,,
Love Love Love,EXO-K,,,,,,,,,,,,,,,
One Phone Call,backstreet boys`,,,,,,,,,,,,,,,
Shine (闪耀),J-Min,,,,,,,,,,,,,,,
Shirt (衬衫),Super Junior,,,,,,,,,,,,,,,
Swing (嘶吼),Super Junior-M,,,,,,,,,,,,,,,
Ten (10 Years),东方神起,,,,,,,,,,,,,,,
Wild Wild Love,Pitbull,,,,,,,,,,,,,,,
i remember the,颜培珊,,,,,,,,,,,,,,,
再见(？？),孝琳(Sistar),,,,,,,,,,,,,,,
呼吸(Breath),"CHEN,张力尹",,,,,,,,,,,,,,,
咆哮 (Growl),EXO,,,,,,,,,,,,,,,
咆哮 (Growl),EXO-M,,,,,,,,,,,,,,,
"寂寞, 好了",蔡F佑,,,,,,,,,,,,,,,
承诺(伴奏),袁姗姗,,,,,,,,,,,,,,,
江湖・闪蝶,墨明棋妙,,,,,,,,,,,,,,,
空虚 (empty),WINNER,,,,,,,,,,,,,,,
"Baby, Don't Cry",EXO-K,,,,,,,,,,,,,,,
Break The Cycle,You+Me,,,,,,,,,,,,,,,
"DAD, YOU THERE?",JYJ,,,,,,,,,,,,,,,
FALLINLOVE2NITE,"Prince,Zooey Deschanel",,,,,,,,,,,,,,,
I Love You Best,林一峰,,,,,,,,,,,,,,,
I Need You Love,"杨谨, 沙滩宝贝",,,,,,,,,,,,,,,
Jewels N' Drugs,"Twista,Lady Gaga,Too Short,T.I.",,,,,,,,,,,,,,,
Meeting Krishna,纯音乐,,,,,,,,,,,,,,,
Missing (remix),滨崎步,,,,,,,,,,,,,,,
Only One (inst),宝儿,,,,,,,,,,,,,,,
Shake Your Body,"郭富城,罗志祥,蔡依林,吴莫愁",,,,,,,,,,,,,,,
Super Duper Fly,"张震岳,MC Hotdog,顽童MJ116",,,,,,,,,,,,,,,
Treasure (Live),余枫,,,,,,,,,,,,,,,
atypical 异类,尚雯婕,,,,,,,,,,,,,,,
white christmas,lady gaga,,,,,,,,,,,,,,,
一步一步爱,郑秀文,,,,,,,,,,,,,,,
一点点喜欢,,,,,,,,,,,,,,,,
一点点喜欢,阿福,,,,,,,,,,,,,,,
一辈子朋友,"杨坤,张靓颖",,,,,,,,,,,,,,,
七月七日记,宇桐非,,,,,,,,,,,,,,,
上帝救救我,伍佰,,,,,,,,,,,,,,,
下一个自己,张杰,,,,,,,,,,,,,,,
不一定快乐,黄雅莉,,,,,,,,,,,,,,,
不只是情人,"张睿,莫龙丹",,,,,,,,,,,,,,,
不是不满足,a-lin,,,,,,,,,,,,,,,
不能没有你,信,,,,,,,,,,,,,,,
不能没有你,范逸臣,,,,,,,,,,,,,,,
且行且珍惜,大学生播客,,,,,,,,,,,,,,,
两个人的事,黄洋,,,,,,,,,,,,,,,
两个人的事,李代沫,,,,,,,,,,,,,,,
两岸一家亲,丁晓红,,,,,,,,,,,,,,,
中国好情歌,徐一鸣,,,,,,,,,,,,,,,
为了遇见你,戚薇/杨宗纬,,,,,,,,,,,,,,,
为了遇见你,戚薇,,,,,  /    杨宗纬,,,,,,,,,,
习惯两个人,言承旭,,,,,,,,,,,,,,,
习惯了寂寞,牛奶咖啡,,,,,,,,,,,,,,,
亚特兰提斯,f.i.r.,,,,,,,,,,,,,,,
亲爱的小孩,"赵薇,黄渤,佟大为,郝蕾",,,,,,,,,,,,,,,
人儿何处归,安心亚,,,,,,,,,,,,,,,
他不够爱你,李玖哲,,,,,,,,,,,,,,,
仿佛是昨天,"阿来,妥云福",,,,,,,,,,,,,,,
你不能爱我,牛奶咖啡,,,,,,,,,,,,,,,
你如今好吗,许飞,,,,,,,,,,,,,,,
你把我灌醉,G.E.M.邓紫棋,,,,,,,,,,,,,,,
你把我灌醉,张赫宣/黄大炜,,,,,,,,,,,,,,,
你是对的人,"戚薇,俊昊 (2PM)",,,,,,,,,,,,,,,
你还爱我吗,Sara,,,,,,,,,,,,,,,
兄弟一条命,简红,,,,,,,,,,,,,,,
兄弟一条心,"郑源,郑东",,,,,,,,,,,,,,,
光荣与梦想,总政歌舞团,,,,,,,,,,,,,,,
光阴的故事,"黄晓明,邓超,佟大为",,,,,,,,,,,,,,,
全部都给你,吴克群,,,,,,,,,,,,,,,
再见 (？？),孝琳(Sistar),,,,,,,,,,,,,,,
农业重金属,"阿宝,山花乐队",,,,,,,,,,,,,,,
刺猬的拥抱,杨幂,,,,,,,,,,,,,,,
华丽的笑脸,蔡琴,,,,,,,,,,,,,,,
南国的孩子,张悬,,,,,,,,,,,,,,,
原来这是爱,sara,,,,,,,,,,,,,,,
只爱陌生人,许茹芸,,,,,,,,,,,,,,,
只能这样了,弦子,,,,,,,,,,,,,,,
只要爱上你,潘玮柏,,,,,,,,,,,,,,,
可以不流泪,老五,,,,,,,,,,,,,,,
可惜不是你,"陈羽凡,丁泽强",,,,,,,,,,,,,,,
吹一样的风,super junior-m,,,,,,,,,,,,,,,
呜咽 (？？),郑秀晶,,,,,,,,,,,,,,,
周三的情书,"蔡健雅,周三",,,,,,,,,,,,,,,
呼吸 (Breath),"CHEN,张力尹",,,,,,,,,,,,,,,
和你在一起,乔任梁,,,,,,,,,,,,,,,
在一起多好,江美琪,,,,,,,,,,,,,,,
在岁月飞扬,群星,,,,,,,,,,,,,,,
在我想起来,"李代沫,吉克隽逸",,,,,,,,,,,,,,,
在我想起来,李代沫/吉克隽逸,,,,,,,,,,,,,,,
地球的心声,刘德华,,,,,,,,,,,,,,,
坚强的理由,旭日阳刚王旭,,,,,,,,,,,,,,,
城市的天空,牛奶咖啡,,,,,,,,,,,,,,,
城里的月光,"胡海泉,田斯斯",,,,,,,,,,,,,,,
天下的姐妹,"徐千雅,凤凰传奇",,,,,,,,,,,,,,,
天使不寂寞,解小东,,,,,,,,,,,,,,,
天地在我心,吉克隽逸/刘欢,,,,,,,,,,,,,,,
天天情人节,"武艺,付梦妮",,,,,,,,,,,,,,,
天涯共此时,林俊杰,,,,,,,,,,,,,,,
如果有一天,易桀齐,,,,,,,,,,,,,,,
如果没有你,G.E.M.邓紫棋,,,,,,,,,,,,,,,
如果没有你,"郑虹,李代沫",,,,,,,,,,,,,,,
如果没有你,郑虹/李代沫,,,,,,,,,,,,,,,
如果爱老了,"杨幂,刘恺威",,,,,,,,,,,,,,,
如梦 (女版),毛泽少,,,,,,,,,,,,,,,
如梦 (男版),简红,,,,,,,,,,,,,,,
孤单的习惯,壹加壹组合,,,,,,,,,,,,,,,
宝贝去哪儿,"王诗龄,李燃,Kimi,寇静,李湘,田雨橙,郭子睿,张悦轩,叶一茜,陈若仪",,,,,,,,,,,,,,,
害怕爱上你,谭维维,,,,,,,,,,,,,,,
对你爱不完,"金池,魏语诺",,,,,,,,,,,,,,,
对你爱不完,金池/魏语诺,,,,,,,,,,,,,,,
小事变乐事,罗志祥,,,,,,,,,,,,,,,
小小的幸福,孙楠,,,,,,,,,,,,,,,
山重水又复,钟欣桐,,,,,,,,,,,,,,,
巧克力之歌,"周天然,白客,小爱,子墨,本煜",,,,,,,,,,,,,,,
年轻的战场,中国好声音学员,,,,,,,,,,,,,,,
幸福你和我,"波拉,张壹",,,,,,,,,,,,,,,
幸福的可能,周蕙,,,,,,,,,,,,,,,
开学第一课,TFBOYS,,,,,,,,,,,,,,,
当你想着我,品冠,,,,,,,,,,,,,,,
心中一把火,张杰,,,,,,,,,,,,,,,
心为你而碎,sara,,,,,,,,,,,,,,,
忘不了的人,陈浩民,,,,,,,,,,,,,,,
恋上你背面,张学友,,,,,,,,,,,,,,,
恋爱达人秀,"崔子格,老猫",,,,,,,,,,,,,,,
情歌两三首,郭顶,,,,,,,,,,,,,,,
想你的365天,"央吉玛,阿来,妥云福",,,,,,,,,,,,,,,
想你的365天,"李玟,张靓颖,沙宝亮,林志炫",,,,,,,,,,,,,,,
意外的旅行,"高磊,余文飞",,,,,,,,,,,,,,,
感动每一刻,林俊杰,,,,,,,,,,,,,,,
愿得一人心,"李行亮,雨宗林",,,,,,,,,,,,,,,
我不会说话,陈楚生,,,,,,,,,,,,,,,
我不懂爱情,常石磊,,,,,,,,,,,,,,,
我不是男神,"张亮,张悦轩",,,,,,,,,,,,,,,
我们结婚啦,"冷漠,杨小曼",,,,,,,,,,,,,,,
我会再想你,Kimberley,,,,,,,,,,,,,,,
我全都相信,吴克群,,,,,,,,,,,,,,,
我叫小沈阳,小沈阳,,,,,,,,,,,,,,,
我对不起我,,,,,,,,,,,,,,,,
我对不起我,Hebe,,,,,,,,,,,,,,,
我很想爱他,林俊杰,,,,,,,,,,,,,,,
我愿人长久,李健,,,,,,,,,,,,,,,
我是认真的,曹方,,,,,,,,,,,,,,,
我是谁的谁,黄征,,,,,,,,,,,,,,,
我爱你中国,平安/黄英,,,,,,,,,,,,,,,
我的心好冷,Sara,,,,,,,,,,,,,,,
我的滑板鞋,庞麦郎,,,,,,,,,,,,,,,
我的雅典娜,薛之谦,,,,,,,,,,,,,,,
我飞故我在,林俊杰,,,,,,,,,,,,,,,
把幸福给你,尚雯婕,,,,,,,,,,,,,,,
掌声响起来,直通春晚学员,,,,,,,,,,,,,,,
"摇摆吧,70后",吉杰,,,,,,,,,,,,,,,
新年小情歌,大学生播客,,,,,,,,,,,,,,,
新年新征程,大学生播客,,,,,,,,,,,,,,,
旋转的时光,阿朵,,,,,,,,,,,,,,,
无声的吉他,张学友,,,,,,,,,,,,,,,
明天不上班,"谢帝,蔡健雅",,,,,,,,,,,,,,,
明年情人节,"丁当,何润东",,,,,,,,,,,,,,,
星星的妈妈,"华子,周子琰,张楚,回音哥,侯磊",,,,,,,,,,,,,,,
曾经太年轻,蓝又时,,,,,,,,,,,,,,,
最佳男配角,棒棒堂,,,,,,,,,,,,,,,
最后的天使,雷诺儿,,,,,,,,,,,,,,,
最好不相见,李漠,,,,,,,,,,,,,,,
最好的夜晚,"梁家辉,陈慧琳",,,,,,,,,,,,,,,
最浪漫的事,"胡海泉,毛妮卓玛",,,,,,,,,,,,,,,
最牛幸福年,"陈明,陈楚生,钟伟强,央吉玛,李祥祥",,,,,,,,,,,,,,,
月光下想你,sara,,,,,,,,,,,,,,,
有人在等我,韦礼安,,,,,,,,,,,,,,,
李柯男之歌,"张本煜,郑一帆",,,,,,,,,,,,,,,
某某 (新编),杨坤,,,,,,,,,,,,,,,
梦中的婚礼,sara,,,,,,,,,,,,,,,
樱桃色情人,许哲佩,,,,,,,,,,,,,,,
母爱天地间,谭晶,,,,,,,,,,,,,,,
每一颗星辰,"华晨宇,欧豪,白举纲,宁桓宇,于,张阳阳,饶威,左立,贾盛强,于朦胧,范世琦,居来提",,,,,,,,,,,,,,,
永远不回头,"萧敬腾,胡海泉,陈羽凡,范玮琪",,,,,,,,,,,,,,,
永远十八岁,苏妙玲,,,,,,,,,,,,,,,
泡面的幸福,"李泉,蔡妍",,,,,,,,,,,,,,,
浮沉主题曲,白百何,,,,,,,,,,,,,,,
湘江的笔画,李宇春,,,,,,,,,,,,,,,
漫步人生路,刘德华,,,,,,,,,,,,,,,
潇潇雨未歇,"周华健,苏慧伦",,,,,,,,,,,,,,,
灯火 (新编),蔡健雅,,,,,,,,,,,,,,,
灰鸟(live版),灰子,,,,,,,,,,,,,,,
爱不曾离开,许飞,,,,,,,,,,,,,,,
爱你爱不够,孙楠,,,,,,,,,,,,,,,
爱她没得救,"杜德伟,曹格,阿牛,品冠",,,,,,,,,,,,,,,
爱我还是他,王乃恩/山野,,,,,,,,,,,,,,,
爱的练习本,伊能静,,,,,,,,,,,,,,,
爱都是对的,胡夏,,,,,,,,,,,,,,,
爸爸去哪儿,群星,,,,,,,,,,,,,,,
爸爸去哪儿,"林志颖,Kimi,张亮,张悦轩,郭涛,郭子睿,王岳伦,王诗龄",,,,,,,,,,,,,,,
生命的意义,水木年华,,,,,,,,,,,,,,,
生活在他方,钟欣桐,,,,,,,,,,,,,,,
用一生回忆,唐嫣/罗晋,,,,,,,,,,,,,,,
用一生回忆,唐嫣,,,,,  /    罗晋,,,,,,,,,,
痛心的决定,妞妞（好声音学员）,,,,,,,,,,,,,,,
真爱的味道,张靓颖,,,,,,,,,,,,,,,
真爱等一下,"陶,蔡健雅",,,,,,,,,,,,,,,
神魔不信邪,任贤齐,,,,,,,,,,,,,,,
离开的理由,牛奶咖啡,,,,,,,,,,,,,,,
秋天的童话,张杰,,,,,,,,,,,,,,,
穷的只有爱,"张智成,杨谨",,,,,,,,,,,,,,,
突然想爱你,丁当,,,,,,,,,,,,,,,
第一颗钮扣,郑东河,,,,,,,,,,,,,,,
红 (？？？),泫雅,,,,,,,,,,,,,,,
纹身(live版),周华健,,,,,,,,,,,,,,,
终于说出口,"萧敬腾,唐一嘉",,,,,,,,,,,,,,,
给我你的爱,"张杰,林宥嘉",,,,,,,,,,,,,,,
给我爱过的,杨坤,,,,,,,,,,,,,,,
给自己的歌,纵贯线,,,,,,,,,,,,,,,
绽放的微笑,快乐家族,,,,,,,,,,,,,,,
美丽心世界,韩红,,,,,,,,,,,,,,,
美丽的神话,"纪敏佳,罗中旭",,,,,,,,,,,,,,,
老婆对我说,徐一鸣,,,,,,,,,,,,,,,
舞出我人生,"平安,金池",,,,,,,,,,,,,,,
许Sir思密达,"王麟,老猫",,,,,,,,,,,,,,,
走马看黄花,周迅,,,,,,,,,,,,,,,
跟你一辈子,"孙楠,徐千雅",,,,,,,,,,,,,,,
跟着感觉走,"胡海泉,丁于",,,,,,,,,,,,,,,
路（城市）,群星,,,,,,,,,,,,,,,
过得比我好,"何炅,邓丽欣",,,,,,,,,,,,,,,
还有我疼你,李宇春,,,,,,,,,,,,,,,
还要不要走,陈奕迅,,,,,,,,,,,,,,,
这一刻爱吧,付辛博,,,,,,,,,,,,,,,
这就是爱吗,容祖儿,,,,,,,,,,,,,,,
追梦赤子心,2013年快男12强,,,,,,,,,,,,,,,
那么爱的人,黄征,,,,,,,,,,,,,,,
那就这样吧,"刘雨潼,杨承熹,赵谨俨,朱晨辰",,,,,,,,,,,,,,,
邻家躲猫猫,梁咏琪,,,,,,,,,,,,,,,
都要好好的,小沈阳+沈春阳,,,,,,,,,,,,,,,
酒干倘卖无,"彭佳慧,顺子",,,,,,,,,,,,,,,
重作一个梦,任家萱,,,,,,,,,,,,,,,
陪你到终点,孙子涵/陆瑶,,,,,,,,,,,,,,,
陪我好不好,"陈佳薪,张智成",,,,,,,,,,,,,,,
静静的夜晚,王铮亮,,,,,,,,,,,,,,,
风儿阵阵吹,潘杰明,,,,,,,,,,,,,,,
鱼儿(live版),鲁向卉,,,,,,,,,,,,,,,
麋鹿的眼泪,唐朝乐队,,,,,,,,,,,,,,,
？？ (再见),孝琳(Sistar),,,,,,,,,,,,,,,
？？ (约定),金秀贤,,,,,,,,,,,,,,,
？？？？？,朴正炫,,,,,,,,,,,,,,,
？？？？？,"徐仁国,DK",,,,,,,,,,,,,,,
？？？？？,"Geeks,Mamamoo",,,,,,,,,,,,,,,
Believe In Music,苏打绿,,,,,,,,,,,,,,,
Finally (终于),J-Min,,,,,,,,,,,,,,,
I Am Yes I Am No,宋媛媛,,,,,,,,,,,,,,,
I Gotta Feelling,AK人声,,,,,,,,,,,,,,,
Knock On My Door,"Four Tops,The Supremes",,,,,,,,,,,,,,,
Love Warrior 战,尚雯婕,,,,,,,,,,,,,,,
Someone Like You,郑虹/胡彦斌,,,,,,,,,,,,,,,
Thunder (雷电),EXO-M,,,,,,,,,,,,,,,
You’re My Lady,Toheart(WooHyun&Key),,,,,,,,,,,,,,,
一个人 (Live),黄铃凯,,,,,,,,,,,,,,,
一个人 (Live),"铃凯,吴青峰",,,,,,,,,,,,,,,
你如今好吗?,许飞,,,,,,,,,,,,,,,
卷珠帘 (Live),霍尊,,,,,,,,,,,,,,,
太贪心(Blind),周觅,,,,,,,,,,,,,,,
思念谁 (Live),帕尔哈提,,,,,,,,,,,,,,,
我很忙 (Live),陈永馨,,,,,,,,,,,,,,,
爱着谁 (Live),耿斯汉,,,,,,,,,,,,,,,
秋意浓 (Live),刘明湘,,,,,,,,,,,,,,,
绝世神功2014,谢华,,,,,,,,,,,,,,,
针针扎 (Live),辛若天,,,,,,,,,,,,,,,
"风起时,想你",陈楚生,,,,,,,,,,,,,,,
香味（Live）,黄绮珊,,,,,,,,,,,,,,,
？ ？？？？,CNBLUE,,,,,,,,,,,,,,,
？？ (Ooh Ooh),"Eric Nam,？？ - Infinite",,,,,,,,,,,,,,,
？？ ？？？,15＆,,,,,,,,,,,,,,,
？？ ？？？,朴志胤,,,,,,,,,,,,,,,
？？？ (Rain),2PM,,,,,,,,,,,,,,,
？？？ ？？,？？,,,,,,,,,,,,,,,
？？？？ ？,崔振赫,,,,,,,,,,,,,,,
Back to the World,纯音乐,,,,,,,,,,,,,,,
It Should Be Easy,"Britney Spears, will.i.am",,,,,,,,,,,,,,,
Mr.Chu (On Stage),Apink,,,,,,,,,,,,,,,
Só Dan？O Samba,"Stan Getz,Jo？o Gilberto",,,,,,,,,,,,,,,
That Person (from,Ja Myoung Gu,,,,,,,,,,,,,,,
The World Is Ours,David Correy,,,,,,,,,,,,,,,
Wherever Together,HA:TFELT,,,,,,,,,,,,,,,
上瘾 (Overdose),EXO-M,,,,,,,,,,,,,,,
"下个,路口,见",李宇春,,,,,,,,,,,,,,,
墨荭潮 (Remix),"彭坦,CNdY",,,,,,,,,,,,,,,
益起走 easy go,周笔畅,,,,,,,,,,,,,,,
？ ？ (Tonight),WINNER,,,,,,,,,,,,,,,
？？（Inst.）,孝琳(Sistar),,,,,,,,,,,,,,,
？？？ (Growl),EXO,,,,,,,,,,,,,,,
？？？ (Growl),EXO-K,,,,,,,,,,,,,,,
A Moment Like This,中国梦之声,,,,,,,,,,,,,,,
Alone (Infinite H),,,,,,,,,,,,,,,,
Alone (Infinite H),Infinite,,,,,,,,,,,,,,,
Appa&#039;s Lesson,纯音乐,,,,,,,,,,,,,,,
Back At One (Live),余枫,,,,,,,,,,,,,,,
Butterfly (蝴蝶),"Henry,SEUL GI (SMROOKIES)",,,,,,,,,,,,,,,
Fantastic (迷幻),Henry,,,,,,,,,,,,,,,
Gold in Them Hills,Katie Melua,,,,,,,,,,,,,,,
I&#039;m Ready now,纯音乐,,,,,,,,,,,,,,,
Turn It Up (Intro),李夏怡,,,,,,,,,,,,,,,
一个人 (新编),黄铃凯,,,,,,,,,,,,,,,
一个人(live版),黄铃凯,,,,,,,,,,,,,,,
一生只爱一人,电视原声,,,,,,,,,,,,,,,
一首简单的歌,"莫龙丹,金志文",,,,,,,,,,,,,,,
七秒钟的记忆,徐良,,,,,  /    孙羽幽,,,,,,,,,,
不按牌理出牌,magic power,,,,,,,,,,,,,,,
两个人的荒岛,周定纬,,,,,,,,,,,,,,,
两颗心一起飞,"谭耀文,徐申东",,,,,,,,,,,,,,,
为什么不早说,"慕容晓晓,陈炳强",,,,,,,,,,,,,,,
你是我的距离,李峙,,,,,,,,,,,,,,,
倍儿爽(live版),大张伟,,,,,,,,,,,,,,,
像星 (？？？),K.Will,,,,,,,,,,,,,,,
元芳你怎么看,冷漠/赵小兵,,,,,,,,,,,,,,,
十七岁的雨季,"林志颖,快乐家族",,,,,,,,,,,,,,,
只需要一首歌,李慧珍/樊凡,,,,,,,,,,,,,,,
听得见的梦想,张惠妹,,,,,,,,,,,,,,,
喜欢你(live版),G.E.M. 邓紫棋,,,,,,,,,,,,,,,
大朋友小朋友,蘑菇兄弟,,,,,,,,,,,,,,,
女人们的咖啡,蔡淳佳,,,,,,,,,,,,,,,
她在睡前哭泣,"马达,林惠敏",,,,,,,,,,,,,,,
小星星 The Star,"尚雯婕,华晨宇",,,,,,,,,,,,,,,
山谷里的回声,"邓超,羽泉",,,,,,,,,,,,,,,
工体爱情故事,海鸣威,,,,,,,,,,,,,,,
当爱已成往事,"辛晓琪,周华健",,,,,,,,,,,,,,,
情人节的夜晚,"本兮,小贱",,,,,,,,,,,,,,,
想神马有神马,"李代沫,吴莫愁",,,,,,,,,,,,,,,
想要回到过去,何洁,,,,,,,,,,,,,,,
我不是我自己,陈楚生,,,,,,,,,,,,,,,
我不是高富帅,高安/曹磊,,,,,,,,,,,,,,,
我们去探险吧,"拜尔娜,姜琪航,王睿卓,张钰琪,曲婉婷,蹇佳成",,,,,,,,,,,,,,,
我们爱过就好,"薛之谦,黄龄",,,,,,,,,,,,,,,
挖蛤蜊(live版),沙洲,,,,,,,,,,,,,,,
敢问路在何方,刀郎,,,,,,,,,,,,,,,
明天天亮以后,艾梦萌,,,,,,,,,,,,,,,
最后一次寂寞,丁当,,,,,,,,,,,,,,,
最后一滴眼泪,刘若英,,,,,,,,,,,,,,,
最后一滴眼泪,纯音乐,,,,,,,,,,,,,,,
最爱的那个人,邻家王子,,,,,,,,,,,,,,,
月光 (Moonlight),EXO-M,,,,,,,,,,,,,,,
比想象更想你,品冠,,,,,,,,,,,,,,,
法海我不爱你,"孙子涵,李潇潇",,,,,,,,,,,,,,,
爱上你没道理,孙悦,,,,,,,,,,,,,,,
爱从分手开始,欧弟,,,,,,,,,,,,,,,
爱在天长地久,"张睿,刘惜君",,,,,,,,,,,,,,,
爱情三十六计,林军,,,,,,,,,,,,,,,
爱我的每个人,任家萱,,,,,,,,,,,,,,,
相爱多么难得,"孙子涵,李潇潇",,,,,,,,,,,,,,,
第五街的诱惑,Star4,,,,,,,,,,,,,,,
管他什么音乐,"陈俊豪,米可",,,,,,,,,,,,,,,
给你满分的我,曾轶可,,,,,,,,,,,,,,,
脚趾上的星光,李心洁,,,,,,,,,,,,,,,
让风吹吹我吧,羽泉,,,,,,,,,,,,,,,
请你继续爱我,"周艳泓,金润吉",,,,,,,,,,,,,,,
谈谈情说说爱,男才女貌,,,,,,,,,,,,,,,
越开心越寂寞,李克勤,,,,,,,,,,,,,,,
跟着你到天边,,,,,,,,,,,,,,,,
遇见明朗爱恋,大学生播客,,,,,,,,,,,,,,,
都要微笑好吗,angelababy,,,,,,,,,,,,,,,
错过（KTV版）,蔡卓妍,,,,,,,,,,,,,,,
？？ (Happiness),Red Velvet,,,,,,,,,,,,,,,
？？？ (Breath),"TAEYEON,JONGHYUN",,,,,,,,,,,,,,,
？？？ (像星),K.Will,,,,,,,,,,,,,,,
？？？ (野花),朴孝信,,,,,,,,,,,,,,,
Back To The Present,韩国原声带,,,,,,,,,,,,,,,
Better than A Dream,Katie Melua,,,,,,,,,,,,,,,
I Can Fly 我可以,陈冠希,,,,,,,,,,,,,,,
Intro(蒙古利亚),彭坦,,,,,,,,,,,,,,,
Make The World Move,Christina Aguilera/CeeLo Green,,,,,,,,,,,,,,,
One Night In 塞外,"郭京飞,袁咏仪,李倩,钱芳,杨皓宇,刘冠麟,张瑞涵",,,,,,,,,,,,,,,
Parler à mon père,C&eacute;line Dion,,,,,,,,,,,,,,,
Take Me (中文版),张根硕,,,,,,,,,,,,,,,
We Are One(live版),蔡健雅,,,,,,,,,,,,,,,
You Come To My Head,蔡健雅,,,,,,,,,,,,,,,
u are my everything,冯曦妤,,,,,,,,,,,,,,,
一起来（Live）,黄绮珊,,,,,,,,,,,,,,,
仰望雪域 新版,孟文豪,,,,,,,,,,,,,,,
元芳 你怎么看,冷漠/赵小兵,,,,,,,,,,,,,,,
光辉岁月 (Live),陈乐基;张心杰,,,,,,,,,,,,,,,
后会无期 (Live),张碧晨,,,,,,,,,,,,,,,
奔跑+冷酷到底,"羽泉,邓超",,,,,,,,,,,,,,,
彩铃 (Color Ring),WINNER,,,,,,,,,,,,,,,
心有爱 人有情,刘惜君,,,,,,,,,,,,,,,
拯救2013再生版,成龙,,,,,,,,,,,,,,,
"爱,有你才完整",魏晨,,,,,,,,,,,,,,,
爱回不来 新版,汪贤祖,,,,,,,,,,,,,,,
生命的尊严2010,水木年华,,,,,,,,,,,,,,,
画 (新编版Live),赵雷,,,,,,,,,,,,,,,
第十一年 (Live),刘金,,,,,,,,,,,,,,,
长江7号爱地球,张柏芝,,,,,,,,,,,,,,,
？ ？ (I’m Him),WINNER,,,,,,,,,,,,,,,
？？？ (Ride Me),Jay Park,,,,,,,,,,,,,,,
？？？？？ ？,"San E,Raina",,,,,,,,,,,,,,,
Bad Girl (坏女孩),"Henry,CHANYEOL (EXO)",,,,,,,,,,,,,,,
Don't Break My Heart,"陈羽凡,米可",,,,,,,,,,,,,,,
Europa (？？？）,少女时代,,,,,,,,,,,,,,,
Go Big Or Go Extinct,Tom Morello,,,,,,,,,,,,,,,
I don’t need a man,Miss A,,,,,,,,,,,,,,,
Let Me Go（DJ版）,苍井空,,,,,,,,,,,,,,,
MAMACITA (哎呀呀),Super Junior,,,,,,,,,,,,,,,
Saturday (星期六),Henry,,,,,,,,,,,,,,,
Summer party (Intro),"Girl's Day,David Kim",,,,,,,,,,,,,,,
We Are One (Ole Ola),"Pitbull,Jennifer Lopez,Claudia Leitte",,,,,,,,,,,,,,,
Whataya Want From Me,张玮/Adam Lambert,,,,,,,,,,,,,,,
XOXO (Kisses & Hugs),EXO-K,,,,,,,,,,,,,,,
XOXO (Kisses & Hugs),EXO-M,,,,,,,,,,,,,,,
all around the world,"justin bieber,ludacris",,,,,,,,,,,,,,,
我不是江南Style,妞妞（好声音学员）,,,,,,,,,,,,,,,
爱的独白 (Agape),张力尹,,,,,,,,,,,,,,,
？？ ？？ ？？,成诗京,,,,,,,,,,,,,,,
？？？ (Evanesce),Super Junior,,,,,,,,,,,,,,,
？？？ ？ ？？,Younha,,,,,,,,,,,,,,,
BnB (Bed & Breakfast),The Tourist,,,,,,,,,,,,,,,
Catch Me-If You Wanna,东方神起,,,,,,,,,,,,,,,
Dear…(亲爱的…),S.M. The Ballad,,,,,,,,,,,,,,,
Innovation Is Fashion,吉克隽逸,,,,,,,,,,,,,,,
Melody (Original mix),滨崎步,,,,,,,,,,,,,,,
Mr lovable(中文版),刘瑞琦,,,,,,,,,,,,,,,
No Love (Korean Ver.),Jun.K,,,,,,,,,,,,,,,
Vida (Afrojack Remix),Ricky Martin,,,,,,,,,,,,,,,
《我们》的故事,丁炜,,,,,,,,,,,,,,,
一场游戏一场梦,"陈羽凡,张石",,,,,,,,,,,,,,,
一寸光阴一寸心,电视原声,,,,,,,,,,,,,,,
一起吃苦的幸福,EXO,,,,,,,,,,,,,,,
万水千山总是爱,"安东阳,樊桐舟",,,,,,,,,,,,,,,
不小心（新版）,贺世哲,,,,,,,,,,,,,,,
为你我受冷风吹,"尚雯婕,曹轩宾",,,,,,,,,,,,,,,
为我们披上嫁衣,巫启贤,,,,,,,,,,,,,,,
你那里下雪了吗,DJ青城,,,,,,,,,,,,,,,
做最爱你的朋友,张翰,,,,,,,,,,,,,,,
傻子疯子和白痴,孙子涵/赖伟锋,,,,,,,,,,,,,,,
关于爱的两三事,黄韵玲,,,,,,,,,,,,,,,
其实我的心没走,"周艳泓,黑龙",,,,,,,,,,,,,,,
分手需要练习的,黄丽玲,,,,,,,,,,,,,,,
十七岁的北极星,范玮琪,,,,,,,,,,,,,,,
半个月亮爬上来,木江子组合,,,,,,,,,,,,,,,
卡西莫多的礼物,华晨宇,,,,,,,,,,,,,,,
原来过得很快乐,杨千,,,,,,,,,,,,,,,
发生秀Fashion Show,江映蓉,,,,,,,,,,,,,,,
取名回忆的时光,"吴莫愁,李代沫",,,,,,,,,,,,,,,
唱歌吧，孩子们,"羽泉,杨宗纬,陈明",,,,,,,,,,,,,,,
土豪我们做朋友,"王麟,Dj Alex.x",,,,,,,,,,,,,,,
在一起 (独唱版),钟欣桐,,,,,,,,,,,,,,,
在一起，唱出爱,大学生播客,,,,,,,,,,,,,,,
天上没有乌云盖,羽泉,,,,,,,,,,,,,,,
女人到底想什么,张宇,,,,,,,,,,,,,,,
如果缘只到遇见,严艺丹,,,,,,,,,,,,,,,
如果缘只到遇见,电视原声,,,,,,,,,,,,,,,
如果缘只到遇见,"吴奇隆,严艺丹",,,,,,,,,,,,,,,
宇宙只有我和你,杨洋,,,,,,,,,,,,,,,
室友 (？？？？),"金艺林,Eddy Kim",,,,,,,,,,,,,,,
寂寞来了怎么办,吴克群,,,,,,,,,,,,,,,
寂静森林(live版),苏丹,,,,,,,,,,,,,,,
小宇宙 (钢琴曲),侯乐天,,,,,,,,,,,,,,,
小星星 (？？？),乐童音乐家,,,,,,,,,,,,,,,
年轻就是不一样,演员王洋,,,,,,,,,,,,,,,
年轻就是不一样,王洋(演员),,,,,,,,,,,,,,,
幸福像花儿一样,大学生播客,,,,,,,,,,,,,,,
弹着吉他的少年,新裤子,,,,,,,,,,,,,,,
当你老了 (新编),赵照,,,,,,,,,,,,,,,
当你老了(live版),赵照,,,,,,,,,,,,,,,
得天女者得天下,电视原声,,,,,,,,,,,,,,,
御龙&bull;三国志,林俊杰,,,,,,,,,,,,,,,
忘记你我做不到,"陈羽凡,贾建龙",,,,,,,,,,,,,,,
怀旧不需要借口,郭易,,,,,,,,,,,,,,,
我们都是孤独的,华晨宇,,,,,,,,,,,,,,,
我在桥上看风景,杨千,,,,,,,,,,,,,,,
我就是喜欢这样,"任贤齐,丁当",,,,,,,,,,,,,,,
我就知道那是爱,梁静茹,,,,,,,,,,,,,,,
我所梦想的未来,刘明辉,,,,,,,,,,,,,,,
我是一个黑手党,电影原声,,,,,,,,,,,,,,,
我的快乐不收费,黄晓明,,,,,,,,,,,,,,,
我的眼泪为谁飞,小沈阳,,,,,,,,,,,,,,,
我终于失去了你,"范玮琪,六弦",,,,,,,,,,,,,,,
我要我们在一起,G.E.M.邓紫棋,,,,,,,,,,,,,,,
我要我们在一起,"杨宗纬,李泉",,,,,,,,,,,,,,,
我要我们在一起,"黄稔钦,许明明",,,,,,,,,,,,,,,
把情歌唱给你听,大学生播客,,,,,,,,,,,,,,,
无尽透明的思念,庾澄庆,,,,,,,,,,,,,,,
时间都去哪儿了,"赵萌萌,王铮亮",,,,,,,,,,,,,,,
明天我要嫁给你,莫文蔚,,,,,,,,,,,,,,,
明天我要嫁给你,黑豹乐队,,,,,,,,,,,,,,,
是否 + Love Is Over,"萧敬腾,马达",,,,,,,,,,,,,,,
有一种爱叫备胎,DJ小卷儿,,,,,,,,,,,,,,,
有种沉默叫想念,杨千,,,,,,,,,,,,,,,
朋友圈 (专辑版),王麟,,,,,,,,,,,,,,,
梦想天空分外蓝,中国好声音学员,,,,,,,,,,,,,,,
没差（特别版）,吴莫愁,,,,,,,,,,,,,,,
没有目的地爱了,杨千,,,,,,,,,,,,,,,
没有计划的旅行,李宇春,,,,,,,,,,,,,,,
海棠花兄弟之歌,电影原声,,,,,,,,,,,,,,,
爱情没什么道理,"戚薇,佟丽娅,高露",,,,,,,,,,,,,,,
爱是凝望又离开,陶,,,,,,,,,,,,,,,
爱要有你才完美,梁博/那英,,,,,,,,,,,,,,,
独一无二 only you,罗志祥,,,,,,,,,,,,,,,
看透爱情看透你,"云菲菲,冷漠",,,,,,,,,,,,,,,
短发 (？？？？),AOA,,,,,,,,,,,,,,,
第二天 (？？？),Juniel,,,,,,,,,,,,,,,
等你等了那么久,祁隆，乐凡,,,,,,,,,,,,,,,
老公亲亲我的嘴,刘羽,,,,,,,,,,,,,,,
胳膊枕 (？？？),Davichi,,,,,,,,,,,,,,,
让我一次爱个够,吴莫愁/庾澄庆,,,,,,,,,,,,,,,
让我一次爱个够,"萧敬腾,唐一嘉",,,,,,,,,,,,,,,
谁为你做的嫁衣,大学生播客,,,,,,,,,,,,,,,
路灯下的小姑娘,杨坤,,,,,,,,,,,,,,,
身披彩衣的姑娘,刀郎,,,,,,,,,,,,,,,
还能好好玩耍吗,黄雅莉,,,,,,,,,,,,,,,
这世界唯一的你,周迅,,,,,,,,,,,,,,,
那些年 (Back Then),张力尹,,,,,,,,,,,,,,,
？ ？？(两个人),？？？,,,,,,,,,,,,,,,
？？ ？ (One More),Fiestar,,,,,,,,,,,,,,,
？？ ？ ？？ ？,Hi.ni,,,,,,,,,,,,,,,
？？ ？？. ？？,"？？？,Rain",,,,,,,,,,,,,,,
"First Night, First Day",纯音乐,,,,,,,,,,,,,,,
"Grand Bazaar, Istanbul",Thomas Newman,,,,,,,,,,,,,,,
Missing (Original mix),滨崎步,,,,,,,,,,,,,,,
Set Me Free(放过我),TAEYEON,,,,,,,,,,,,,,,
Set Me Free(放过我),张力尹,,,,,,,,,,,,,,,
Vida (官方中文版),"Ricky Martin,金贵晟,李尚尚,隔壁团,林育群,刘伟德,林奕匡",,,,,,,,,,,,,,,
一路上有你 (Live),张碧晨;魏雪漫,,,,,,,,,,,,,,,
入迷（Spellbound）,东方神起,,,,,,,,,,,,,,,
如果云知道 (Live),陈永馨;刘珂,,,,,,,,,,,,,,,
我如此爱你 (Live),王凯琪,,,,,,,,,,,,,,,
"数到三,一起放手",王铮亮,,,,,,,,,,,,,,,
木偶 ？？？？？,Stellar,,,,,,,,,,,,,,,
没那么简单 (Live),胡彦斌,,,,,,,,,,,,,,,
火烧的寂寞 (Live),余枫,,,,,,,,,,,,,,,
爱你的宿命 (Live),张碧晨,,,,,,,,,,,,,,,
窃窃私语 (Whisper),少女时代-太蒂徐,,,,,,,,,,,,,,,
贝加尔湖畔 (Live),李维;周深,,,,,,,,,,,,,,,
这首歌 (？ ？？),"Loco,Mamamoo",,,,,,,,,,,,,,,
？？ ？？...？？,LYn,,,,,,,,,,,,,,,
？？？ (Feat. Lena),宣美,,,,,,,,,,,,,,,
？？？ (Piano Ver.),韩国原声带,,,,,,,,,,,,,,,
？？？ ？？？？,December,,,,,,,,,,,,,,,
？？？ ？？？？,？？？,,,,,,,,,,,,,,,
？？？？ (Crooked),G-Dragon,,,,,,,,,,,,,,,
Christ in the Mountains,纯音乐,,,,,,,,,,,,,,,
Give Life Back to Music,Daft Punk,,,,,,,,,,,,,,,
Now it’s a brave time,梁晓雪,,,,,,,,,,,,,,,
Song 4 u (Original mix),滨崎步,,,,,,,,,,,,,,,
Take Me (Original Ver.),张根硕,,,,,,,,,,,,,,,
When It&#039;s All Over,Alicia Keys,,,,,,,,,,,,,,,
everybody loves a lover,"范晓萱,d.d",,,,,,,,,,,,,,,
stand in grave现场版,梁晓雪,,,,,,,,,,,,,,,
一起摇摆(抢鲜版),汪峰,,,,,,,,,,,,,,,
倍儿爽（Remix版）,大张伟,,,,,,,,,,,,,,,
刘瑞琦倾心推荐01,刘瑞琦,,,,,,,,,,,,,,,
孩子对不起 (MV版),杨子军,,,,,,,,,,,,,,,
恩爱小夫妻 (DJ版),朱贝贝,,,,,,,,,,,,,,,
江南style中文裸爱,张可儿,,,,,,,,,,,,,,,
沙特&amp;西蒙波娃,刘若英,,,,,,,,,,,,,,,
沙特&amp;西蒙波娃,纯音乐,,,,,,,,,,,,,,,
？？ ？？ ？？？,许阁,,,,,,,,,,,,,,,
？？？？ (Don't Go),EXO-K,,,,,,,,,,,,,,,
？？？？ (You & Me),朴敏惠,,,,,,,,,,,,,,,
？？？？？(情缘),？？(2Young),,,,,,,,,,,,,,,
Canceling The Apocalypse,电影原声,,,,,,,,,,,,,,,
I don&rsquo;t need a man,Miss A,,,,,,,,,,,,,,,
Ice Cream (Feat. Maboos),金泫雅,,,,,,,,,,,,,,,
Need You Now (需要你),"Henry,HOYA (INFINITE)",,,,,,,,,,,,,,,
不管幸福来了没有,a-lin,,,,,,,,,,,,,,,
世界上最爱你的人,张栋梁,,,,,,,,,,,,,,,
亚运有我精彩之吉,韩庚,,,,,,,,,,,,,,,
人情味 (？？？？),"Gary,崔郑仁",,,,,,,,,,,,,,,
今夜二十岁(live版),杨坤,,,,,,,,,,,,,,,
你把我灌醉（上）,NJ落然,,,,,,,,,,,,,,,
你被写在我的歌里,"苏打绿,ella",,,,,,,,,,,,,,,
你被写在我的歌里,"苏打绿,ella陈嘉桦",,,,,,,,,,,,,,,
凤凰于飞 (京剧版),霍尊,,,,,,,,,,,,,,,
到底是谁伤害了谁,"庞龙,郭欢",,,,,,,,,,,,,,,
千里之外 (京剧版),霍尊,,,,,,,,,,,,,,,
去玩吧 (？？？？),"Gummy,朴有天",,,,,,,,,,,,,,,
向日葵盛开的夏天,F.I.R,,,,,,,,,,,,,,,
周三的情书 (新编),周三,,,,,,,,,,,,,,,
喜欢你现在的样子,"杨宗纬,多亮",,,,,,,,,,,,,,,
因为爱情 (京剧版),霍尊,,,,,,,,,,,,,,,
寂寞的人伤心的歌,"龙梅子,杨海彪",,,,,,,,,,,,,,,
带着幸福回家过年,"梁佳玉,宋晓静",,,,,,,,,,,,,,,
当我爱上了你之后,苏永康,,,,,,,,,,,,,,,
当爱情缺席的时候,DJ青城,,,,,,,,,,,,,,,
惯性冬眠（KTV版）,钟欣桐,,,,,,,,,,,,,,,
我一个人 (Not Alone),张力尹,,,,,,,,,,,,,,,
我不知道发生什么,温蕊尔,,,,,,,,,,,,,,,
我们不是说好了吗,"白百何,彭于晏",,,,,,,,,,,,,,,
我们好像在哪见过,"小柯,叶蓓",,,,,,,,,,,,,,,
我在红尘中遇见你,"张冬玲,冷漠",,,,,,,,,,,,,,,
我就要和你在一起,赵英俊,,,,,  /    夏筠妍,,,,,,,,,,
我恨自己动了真情,冷漠,,,,,,,,,,,,,,,
我爱你胜过你爱我,冷漠，杨小曼,,,,,,,,,,,,,,,
我还记得你的微笑,金莎,,,,,,,,,,,,,,,
找车位（流行版）,孟文豪,,,,,,,,,,,,,,,
新百善孝为先新版,丁晓红,,,,,,,,,,,,,,,
明天不上班 (新编),谢帝,,,,,,,,,,,,,,,
最爱的人伤我最深,曾咏霖,,,,,,,,,,,,,,,
有一种思念叫想家,DJ邦邦,,,,,,,,,,,,,,,
木偶 (？？？？？),Stellar,,,,,,,,,,,,,,,
每天都是一种练习,陈绮贞,,,,,,,,,,,,,,,
法国老画家(live版),汤小康,,,,,,,,,,,,,,,
活着 (？？？？？),郑仁,,,,,,,,,,,,,,,
烟花易冷 (京剧版),霍尊,,,,,,,,,,,,,,,
爱最大（国语版）,"谢霆锋,欧豪",,,,,,,,,,,,,,,
爱最大（粤语版）,"谢霆锋,欧豪",,,,,,,,,,,,,,,
爱最大（粤语版）,"谢霆锋,廿四味",,,,,,,,,,,,,,,
空白的缘分(live版),柳重言,,,,,,,,,,,,,,,
给我一个理由忘记,黄丽玲,,,,,,,,,,,,,,,
节拍器 (？？？？),"Jay Park,Simon Dominic,Gray",,,,,,,,,,,,,,,
谁的青春没有悲伤,梁晓雪,,,,,,,,,,,,,,,
逗阵兄弟 (合唱版),"陶,卢广仲",,,,,,,,,,,,,,,
钢铁是怎样炼成的,何韵诗,,,,,,,,,,,,,,,
错过（纯音乐版）,蔡卓妍,,,,,,,,,,,,,,,
？？ ？？ (Who You?),G-Dragon,,,,,,,,,,,,,,,
？？ ？？ ？ ？？,Miss A,,,,,,,,,,,,,,,
？？？？ (Catallena),Orange Caramel,,,,,,,,,,,,,,,
？？？？ (Rocinante),,,,,,,,,,,,,,,,
？？？？ (Rocinante),Infinite,,,,,,,,,,,,,,,
？？？？？ (木偶),Stellar,,,,,,,,,,,,,,,
My Turn To Cry(爱离开),EXO,,,,,,,,,,,,,,,
Sing For Love (中文版),Hope组合,,,,,,,,,,,,,,,
Sing For Love (英文版),Hope组合,,,,,,,,,,,,,,,
Where the Wild Roses Grow,Kylie Minogue/Nick Cave,,,,,,,,,,,,,,,
一天(A day without you),"JONGHYUN,CHEN",,,,,,,,,,,,,,,
一种承诺 两种结果,杨洋,,,,,,,,,,,,,,,
上瘾 (？？)(Overdose),EXO-K,,,,,,,,,,,,,,,
倍儿爽 （春晚版）,,,,,,,,,,,,,,,,
倍儿爽 （春晚版）,大张伟,,,,,,,,,,,,,,,
十七岁的雨季 (Live),"杨钰莹,林志颖",,,,,,,,,,,,,,,
卷珠帘 (新编版Live),霍尊,,,,,,,,,,,,,,,
奇迹 (？？)(ETERNITY),VIXX,,,,,,,,,,,,,,,
定风波 《大上海》,张学友,,,,,,,,,,,,,,,
爸爸去哪儿 第二季,"曹格,Joe,Grace,Feynman,杨阳洋,贝儿,黄多多,吴镇宇,陆毅,黄磊,杨威",,,,,,,,,,,,,,,
"眼,鼻,嘴 (？,？,？)",太阳,,,,,,,,,,,,,,,
肾上腺素 (Adrenaline),少女时代-太蒂徐,,,,,,,,,,,,,,,
脱狱 （Prison break）,海龟先生,,,,,,,,,,,,,,,
难念的经+天下之风,钟汉良,,,,,,,,,,,,,,,
？ ？？？ (BOMTANABA),,,,,,,,,,,,,,,,
？ ？？？ (BOMTANABA),徐仁国,,,,,,,,,,,,,,,
？？ ？？ (Cold Love),CNBLUE,,,,,,,,,,,,,,,
？？ ？？ (Miniskirt),AOA,,,,,,,,,,,,,,,
？？？ ？ (Still You),"李东海,银赫",,,,,,,,,,,,,,,
？？？？ 漂亮男人,Bebop,,,,,,,,,,,,,,,
Cannonball (Album Version),Lea Michele,,,,,,,,,,,,,,,
I&#039;m Your Baby Tonight,Whitney Houston,,,,,,,,,,,,,,,
Love Is... (Acoustic ver.),？？？,,,,,,,,,,,,,,,
Love Love Love (梦中梦),EXO-M,,,,,,,,,,,,,,,
She Came To Give It To You,"Usher,Nicki Minaj",,,,,,,,,,,,,,,
Stuck On U+宝贝对不起,李玟,,,,,,,,,,,,,,,
Summer Time (？？？？),Dynamic Duo,,,,,,,,,,,,,,,
Troublemaker(Instrumental),Olly Murs/Flo Rida,,,,,,,,,,,,,,,
We Own It (Fast & Furious),"Wiz Khalifa,2 Chainz",,,,,,,,,,,,,,,
一分后 (After A Minute),Super Junior-M,,,,,,,,,,,,,,,
一天 (A day without you),"JONGHYUN,Chen",,,,,,,,,,,,,,,
再见吧 喵小姐 (Live),王晓天,,,,,,,,,,,,,,,
月光 (？？)(Moonlight),EXO-K,,,,,,,,,,,,,,,
蝴蝶 (？？)(Butterfly),f(x),,,,,,,,,,,,,,,
？？ (A Day Without You),"JONGHYUN,CHEN",,,,,,,,,,,,,,,
？？ (？？？: Shadow),f(x),,,,,,,,,,,,,,,
？？？ ？？ ？？？,Ailee,,,,,,,,,,,,,,,
？？？ ？？？？ ？,金宝静,,,,,,,,,,,,,,,
？？？？ (Abing Abing),Orange Caramel,,,,,,,,,,,,,,,
63期 清澈如水的爱情,DJ青城,,,,,,,,,,,,,,,
Journey(张韶涵推荐版),张韶涵,,,,,,,,,,,,,,,
Qui peut vivre sans amour ?,C&eacute;line Dion,,,,,,,,,,,,,,,
THIS IS LOVE (这就是爱),Super Junior,,,,,,,,,,,,,,,
一定要幸福（伴奏）,电视原声,,,,,,,,,,,,,,,
不可能是不可能的事,"周华健,苏慧伦",,,,,,,,,,,,,,,
伤 (feat. 羽泉)(live版),项亚蕻,,,,,,,,,,,,,,,
你是我今生淘来的宝,"金婧,孟文豪",,,,,,,,,,,,,,,
你是我生命中的礼物,乌拉多恩,,,,,,,,,,,,,,,
你来的声音 (中文版),朴施厚,,,,,,,,,,,,,,,
你来的声音 (韩文版),朴施厚,,,,,,,,,,,,,,,
你看到的我是蓝色的,李霄云,,,,,,,,,,,,,,,
你身边的人曾经是我,阿宝/张冬玲,,,,,,,,,,,,,,,
再痛都会记得你的好,王麟,,,,,,,,,,,,,,,
天下没有不散的宴席,"周晓鸥,谭维维",,,,,,,,,,,,,,,
她 (feat. 杨坤)(live版),马上又,,,,,,,,,,,,,,,
如果你不爱（新版）,"帅霖,韩晶",,,,,,,,,,,,,,,
如果爱老了（伴奏）,电视原声,,,,,,,,,,,,,,,
如果这样能使你快乐,许飞,,,,,,,,,,,,,,,
幸福你和我（伴奏）,"波拉,张壹",,,,,,,,,,,,,,,
情愿为你付出我一生,费玉清,,,,,,,,,,,,,,,
我从来没有去过纽约,筷子兄弟,,,,,,,,,,,,,,,
我爱的人她却不爱我,蓝雨,,,,,,,,,,,,,,,
找车位（南京话版）,孟文豪,,,,,,,,,,,,,,,
找车位（布鲁斯版）,孟文豪,,,,,,,,,,,,,,,
无所谓 (My Love For You),Super Junior-M,,,,,,,,,,,,,,,
智取威虎山（选段）,孙楠,,,,,,,,,,,,,,,
来自你来自我来自他,"胡海泉,萧敬腾,范玮琪,陈羽凡",,,,,,,,,,,,,,,
某某 [新编版](live版),杨坤,,,,,,,,,,,,,,,
死了的心还会爱上谁,徐一鸣,,,,,,,,,,,,,,,
没有理想的人不伤心,新裤子,,,,,,,,,,,,,,,
温润奶茶【刘若英】,叶子,,,,,,,,,,,,,,,
爱上一个不回家的人,"何大为,孙自佑",,,,,,,,,,,,,,,
爱情公寓，我们都爱,大学生播客,,,,,,,,,,,,,,,
爱情爱情（特别版）,杨幂,,,,,,,,,,,,,,,
盛夏的天空（伴奏）,电视原声,,,,,,,,,,,,,,,
相信我没有错 (新版),贺世哲,,,,,,,,,,,,,,,
美丽 (？？？？)(Body),太阳,,,,,,,,,,,,,,,
胸部不够大怎么办？,刘老湿贱康课,,,,,,,,,,,,,,,
舞极限(2012全新单曲),罗志祥,,,,,,,,,,,,,,,
荷塘月色（粤语版）,郑源,,,,,,,,,,,,,,,
辗转反侧 (？？？？),朴始焕,,,,,,,,,,,,,,,
除了春天爱情和樱花,大学生播客,,,,,,,,,,,,,,,
？？？？ (像个男人),MBLAQ,,,,,,,,,,,,,,,
Can't Remember To Forget You,"Shakira,Rihanna",,,,,,,,,,,,,,,
Christmas Day（圣诞节）,EXO,,,,,,,,,,,,,,,
Girls Generation II Smash-Up,少女时代,,,,,,,,,,,,,,,
一同另类 (？？ ？？),"郑俊英,Younha",,,,,,,,,,,,,,,
万泉河水清又清 (Live),"李丹阳,汤俊",,,,,,,,,,,,,,,
为你我受冷风吹 (Live),胡彦斌,,,,,,,,,,,,,,,
你的意味 (？？ ？？),,,,,,,,,,,,,,,,
你的意味 (？？ ？？),"IU, ？？？",,,,,,,,,,,,,,,
冰块们 (？？？/Melted),乐童音乐家,,,,,,,,,,,,,,,
只是你 (？？ ？？？),朴始焕,,,,,,,,,,,,,,,
悬崖巴士 （Cliff Bus）,海龟先生,,,,,,,,,,,,,,,
我爱你 (？？ ？？？),尹美莱,,,,,,,,,,,,,,,
江南Style（Diplo Remix）,"Psy,2 Chainz,Tyga",,,,,,,,,,,,,,,
漂亮内衣 (？？ ？？),G.NA,,,,,,,,,,,,,,,
漂洋过海来看你 (Live),刘明湘,,,,,,,,,,,,,,,
狼与美女 (EXO 中文版),EXO,,,,,,,,,,,,,,,
狼与美女 (EXO 韩文版),EXO,,,,,,,,,,,,,,,
给点空隙 (？？？ ？),Sweet Sorrow,,,,,,,,,,,,,,,
裸爱(江南style中文版),张可儿,,,,,,,,,,,,,,,
闹翻天 (2012全新单曲),罗志祥,,,,,,,,,,,,,,,
？？ ？？ (我们之间),MBLAQ,,,,,,,,,,,,,,,
？？？ ？ ？？ (Inst.),Younha,,,,,,,,,,,,,,,
？？？？？ (Piano Ver.),幻想巨塔,,,,,,,,,,,,,,,
If you want (如果你愿意),J-Min,,,,,,,,,,,,,,,
Man From Star (Opening Title),韩国原声带,,,,,,,,,,,,,,,
一路向前We Keep On Moving,羽泉,,,,,,,,,,,,,,,
你家门前 (？？ ？ ？),金秀贤,,,,,,,,,,,,,,,
十二月的奇迹(中文版),EXO,,,,,,,,,,,,,,,
十二月的奇迹(韩文版),EXO,,,,,,,,,,,,,,,
危险世界 (iTunes Session),方大同,,,,,,,,,,,,,,,
天气先生 (iTunes Session),方大同,,,,,,,,,,,,,,,
有点甜(汪苏泷介绍版),汪苏泷/ By2,,,,,,,,,,,,,,,
欧若拉(张韶涵介绍版),张韶涵,,,,,,,,,,,,,,,
江南Style（Instrumental）,Psy,,,,,,,,,,,,,,,
？？ ？ ？ (你家门前),金秀贤,,,,,,,,,,,,,,,
？？？？？ (GREEN LIGHT),TROY,,,,,,,,,,,,,,,
I DON&#039;T KNOW(KOREAN VER.),东方神起,,,,,,,,,,,,,,,
下一个七年，我是谁？,SKY程龙,,,,,,,,,,,,,,,
丑小鸭 (？？？？？？),g.o.d.,,,,,,,,,,,,,,,
世间没有一无所有的人,阿朵,,,,,,,,,,,,,,,
他的唯一（回家的路）,群星,,,,,,,,,,,,,,,
你是负心的人 (发行版),张子冉,,,,,,,,,,,,,,,
先生小姐那些事(live版),Mr.Miss,,,,,,,,,,,,,,,
其实爱不爱没那么重要,一念,,,,,,,,,,,,,,,
凌晨1点 (？？？？)(1AM),太阳,,,,,,,,,,,,,,,
包子铺（北京琴书版）,王树才,,,,,,,,,,,,,,,
包子铺（民族女声版）,谈芳兵,,,,,,,,,,,,,,,
包子铺（流行风趣版）,赵世林,,,,,,,,,,,,,,,
和从前一样（抒情版）,黄勇,,,,,,,,,,,,,,,
在我们有生之年的日子,黄维德,,,,,,,,,,,,,,,
惯性冬眠（纯音乐版）,钟欣桐,,,,,,,,,,,,,,,
我想为你唱首安静的歌,"时金宇,雨晴",,,,,,,,,,,,,,,
我的要求不算高(live版),黄渤,,,,,,,,,,,,,,,
新的开始（声声拨弦）,群星,,,,,,,,,,,,,,,
时间都去哪了 (京剧版),霍尊,,,,,,,,,,,,,,,
时间都去哪儿了(live版),王铮亮,,,,,,,,,,,,,,,
最坏时候遇上最好的你,阿鲁阿卓,,,,,,,,,,,,,,,
最坏时候遇上最好的你,"阿鲁阿卓,陈键锋",,,,,,,,,,,,,,,
最炫民族风 (二人转版),丫蛋,,,,,,,,,,,,,,,
有声歌单――周氏情殇,百度音乐,,,,,,,,,,,,,,,
有声歌单――爵士心情,百度音乐,,,,,,,,,,,,,,,
此资源来自百度音乐人,张楚,,,,,,,,,,,,,,,
此资源来自百度音乐人,朱贝贝,,,,,,,,,,,,,,,
海的对岸有个你(live版),苗小青,,,,,,,,,,,,,,,
滚滚红尘＋闪亮的日子,平安,,,,,,,,,,,,,,,
用一首歌的时间忘记你,DJ青城,,,,,,,,,,,,,,,
空中飞人(2012全新单曲),罗志祥,,,,,,,,,,,,,,,
重口味 (The Headmaster Mix),陈奕迅/谭咏麟,,,,,,,,,,,,,,,
鸿雁（原唱：呼斯楞）,沙宝亮,,,,,,,,,,,,,,,
？？ ？？ (Midnight Blues),Super Junior,,,,,,,,,,,,,,,
Adore You(Cedric Gervais Remix),Miley Cyrus,,,,,,,,,,,,,,,
Parler &agrave; mon p&egrave;re,C&eacute;line Dion,,,,,,,,,,,,,,,
Tell Me Why (Broadcasting ver.),Toheart(WooHyun&Key),,,,,,,,,,,,,,,
You & Me (SHINICHI OSAWA remix),滨崎步,,,,,,,,,,,,,,,
不是现在 (？？ ？？？),BEAST,,,,,,,,,,,,,,,
今天一定要 (？？？ ？),B.A.P,,,,,,,,,,,,,,,
你不在北京（Piano Ver.）,曹轩宾,,,,,,,,,,,,,,,
垭口2014（feat. Steve Vai）,齐秦,,,,,,,,,,,,,,,
夜空中最亮的星 女声版,秦岚,,,,,,,,,,,,,,,
夜空中最亮的星(Remix版),逃跑计划乐队,,,,,,,,,,,,,,,
天天想你+今夜无人入睡,孙楠,,,,,,,,,,,,,,,
好像爱你 (？？？？ ？),李承哲,,,,,,,,,,,,,,,
"对不起,只是忽然很想你",李宇春,,,,,,,,,,,,,,,
我一个人 (Not Alone)(Inst.),张力尹,,,,,,,,,,,,,,,
最佳幸运 (？？？ ？？),CHEN,,,,,,,,,,,,,,,
最美的问候（小V之歌）,品冠,,,,,,,,,,,,,,,
有多少爱可以重来 (Live),帕尔哈提,,,,,,,,,,,,,,,
江南Style（Afrojack Remix）,Psy,,,,,,,,,,,,,,,
第121期 谁的爱情不受伤,DJ青城,,,,,,,,,,,,,,,
隐形的翅膀+有形的翅膀,张韶涵,,,,,,,,,,,,,,,
露馅了吧 (？？ ？？？),15＆,,,,,,,,,,,,,,,
？ ？？？ (Rum Pum Pum Pum),f(x),,,,,,,,,,,,,,,
？ ？？？ ？？？ (Blind),艺声,,,,,,,,,,,,,,,
？？ ？？ (善良的女人),2NE1,,,,,,,,,,,,,,,
？？ ？？ ？？？ (inst.),许阁,,,,,,,,,,,,,,,
？？？ ？？？? (GO Crazy),2PM,,,,,,,,,,,,,,,
？？？？？ (Don’t flirt),WINNER,,,,,,,,,,,,,,,
8dayz (feat. ？？？ Of Beast),？？？(Megan Lee),,,,,,,,,,,,,,,
不眠之夜 (？ ？？？ ？),"Crush,？？ (Punch)",,,,,,,,,,,,,,,
不要告别+Time to say goodbye,平安/倪雅丰,,,,,,,,,,,,,,,
你的空位 (？？ ？ ？？),"申勇在 (4men),李海丽 (Davichi)",,,,,,,,,,,,,,,
做你心上的人(DJ阿远 Mix),唐古,,,,,,,,,,,,,,,
后会无期(汪苏泷介绍版),汪苏泷/徐良,,,,,,,,,,,,,,,
咬住下唇 ？？？？ ？？,Esna,,,,,,,,,,,,,,,
时间都去哪儿了(现场版),王铮亮,,,,,,,,,,,,,,,
狼与美女 （EXO 中文版）,EXO,,,,,,,,,,,,,,,
花儿 （Daft Punk 灵感版）,吉杰,,,,,,,,,,,,,,,
？ ？？ ？？ (非你不可),2NE1,,,,,,,,,,,,,,,
？？ ？？ ？ (Like tonight),2PM,,,,,,,,,,,,,,,
2014第4周 百度音乐新歌榜,DJ小卷儿,,,,,,,,,,,,,,,
As Time Goes By（Time Goes By）,张根硕,,,,,,,,,,,,,,,
Didn&#039;t We Almost Have It All,Whitney Houston,,,,,,,,,,,,,,,
Mr.暧昧模糊 (Mr.？？？？),MAMAMOO,,,,,,,,,,,,,,,
今晚你想念的人是不是我,孙伯纶,,,,,,,,,,,,,,,
伤心的情歌一夜都唱不完,徐一鸣,,,,,,,,,,,,,,,
如果不能好好爱 (心碎版),吴克t,,,,,,,,,,,,,,,
平凡的人最幸福 (抒情版),丁晓红,,,,,,,,,,,,,,,
我不愿让你一个人(live版),黄品冠,,,,,,,,,,,,,,,
抓住那个胖子【宋东野】,大学生播客,,,,,,,,,,,,,,,
有一种相遇，躲不过别离,DJ小卷儿,,,,,,,,,,,,,,,
没了你，我把哭当成了笑,陈翔,,,,,,,,,,,,,,,
要死就一定要死在你手里,"莫西子诗,郑钧",,,,,,,,,,,,,,,
2013第50周 百度音乐新歌榜,DJ小卷儿,,,,,,,,,,,,,,,
2013第51周 百度音乐新歌榜,DJ小卷儿,,,,,,,,,,,,,,,
"Baby, Don't Cry (？？？ ？？)",EXO-K,,,,,,,,,,,,,,,
Underneath The Tree Cutmore Chri 1,Kelly Clarkson ,,,,,,,,,,,,,,,
你家门前(Inst.) ？？ ？ ？,金秀贤,,,,,,,,,,,,,,,
你是爱我的+男人本该妒忌,扎西顿珠,,,,,,,,,,,,,,,
你这样的女人 (？？ ？？),Boyfriend,,,,,,,,,,,,,,,
依然炙热 (？？？ ？？？),白智英,,,,,,,,,,,,,,,
坏事 (？？ ？)(Bad Behaviour),GOT7,,,,,,,,,,,,,,,
年轻的战场（2014摇滚版）,张恒远,,,,,,,,,,,,,,,
我们成家吧 (？？ ？？？),Bumkey,,,,,,,,,,,,,,,
最高的幸运 (？？？ ？？),CHEN,,,,,,,,,,,,,,,
特别的爱给特别的你+懂你,满文军,,,,,,,,,,,,,,,
百度音乐新歌榜 2013第46周,DJ小卷儿,,,,,,,,,,,,,,,
？？ ？？ ？？ (You You You),Fly To The Sky,,,,,,,,,,,,,,,
Dar um Jeito (We Will Find A Way）,"Carlos Santana,Avicii",,,,,,,,,,,,,,,
Dar um Jeito (We Will Find A Way）,"Santana,Wyclef,Avicii,Alexandre Pires",,,,,,,,,,,,,,,
Morning Of Canon (？？？ ？？),白雅言,,,,,,,,,,,,,,,
You &amp; Me (SHINICHI OSAWA remix),滨崎步,,,,,,,,,,,,,,,
凌晨两点半 (？？ ？？ ？),JYJ,,,,,,,,,,,,,,,
回想(When I Was…When U Were…),"CHEN,KRYSTAL",,,,,,,,,,,,,,,
淋雨一直走(汪苏泷推荐版),汪苏泷OS/张韶涵,,,,,,,,,,,,,,,
辛晓琪回忆当年情 +当年情,"辛晓琪OS,张国荣",,,,,,,,,,,,,,,
Everything Is AWESOME!!! (Unplugged),电影原声带,,,,,,,,,,,,,,,
Melody (Original mix -Instrumental-),滨崎步,,,,,,,,,,,,,,,
一个人 (feat. 吴青峰)(live版),黄铃凯,,,,,,,,,,,,,,,
北京遇上西雅图的浪漫情歌,大学生播客,,,,,,,,,,,,,,,
有一首歌在这个冬季温暖你,大学生播客,,,,,,,,,,,,,,,
Gangnam Style / 2 Legit 2 Quit Mashup,Psy,,,,,,,,,,,,,,,
Goodbye Summer (f(Amber+Luna+Krystal),"F(x),D.O.",,,,,,,,,,,,,,,
Stronger (What Doesn&#039;t Kill You),Kelly Clarkson,,,,,,,,,,,,,,,
万物high (feat. 常石磊)(live版),萨顶顶,,,,,,,,,,,,,,,
仲夏夜之蜜 (？？？？？ ？),"San E,Raina",,,,,,,,,,,,,,,
分手再会 (？？？？ ？？？),Davichi,,,,,,,,,,,,,,,
别打电话 (？？？？ ？？？),Fly To The Sky,,,,,,,,,,,,,,,
最后的第一次 (？？？ ？？),"Melody Day,李昶F",,,,,,,,,,,,,,,
第130期 听！那是我们的爱情,DJ青城,,,,,,,,,,,,,,,
第149期 你的世界我只是过客,DJ青城,,,,,,,,,,,,,,,
要死一定要死在你手里 (Live),莫西子诗,,,,,,,,,,,,,,,
那时像那天 (？？ ？？？？),徐恩光 (BTOB),,,,,,,,,,,,,,,
陈永馨 刘珂《如果云知道》,中国好声音,,,,,,,,,,,,,,,
十一月…还有(November With Love),东方神起,,,,,,,,,,,,,,,
回到拉萨+春天里+怒放的生命,"郁可唯,柯以敏,阿杜",,,,,,,,,,,,,,,
如果缘只到遇见 (钢琴配乐）,电视原声,,,,,,,,,,,,,,,
爱那一句话 (？？ ？ ？？？),金泰妍 (少女时代),,,,,,,,,,,,,,,
纸心脏 (？？ ？？)(Paper Heart),f(x),,,,,,,,,,,,,,,
？？ ？？ (Want U)(feat. Beenzino),？？？,,,,,,,,,,,,,,,
？？？ ？？ (Wolf) (Chinese Ver.),EXO,,,,,,,,,,,,,,,
我的爱，一直在――百度乐播,大学生播客,,,,,,,,,,,,,,,
要死就一定死在你手里 (新编),莫西子诗,,,,,,,,,,,,,,,
"？ ？？？？, ？？？, ？ ？？",？？？,,,,,,,,,,,,,,,
Raining On The Dance Floor(Original.Ver),张根硕,,,,,,,,,,,,,,,
我的老故事 (？？ ？？？？？),,,,,,,,,,,,,,,,
我的老故事 (？？ ？？？？？),IU,,,,,,,,,,,,,,,
？？？？ (feat. ？？ Of ？？？),Mad Clown,,,,,,,,,,,,,,,
Raining On The Dance Floor (Chinese ver.),张根硕,,,,,,,,,,,,,,,
十二月的奇迹 (Miracles in December),EXO,,,,,,,,,,,,,,,
只有今天 (？？？？)(feat. ？？),Phantom,,,,,,,,,,,,,,,
我的每天 (？？ ？？)(My Everyday),J-Min,,,,,,,,,,,,,,,
最高的幸运 (Inst.)(？？？ ？？),CHEN,,,,,,,,,,,,,,,
来自星星的你 (？？？ ？ ？？),Younha,,,,,,,,,,,,,,,
？？？ ？ ？？ (来自星星的你),Younha,,,,,,,,,,,,,,,
十指紧扣的双手 (？？ ？ ？ ？),"张佑荣,？？？",,,,,,,,,,,,,,,
我是一只小小鸟（官方完整版）,许艺娜,,,,,,,,,,,,,,,
明天不上班 (feat. 蔡健雅)(live版),谢帝,,,,,,,,,,,,,,,
疼 啊博博 （Donna Summer 灵感版）,吉杰,,,,,,,,,,,,,,,
瞬间永恒 + I Can Wait Forever(live版),林志炫,,,,,,,,,,,,,,,
I Believe I Can Fly+Super Star+三天三夜,中国梦之声,,,,,,,,,,,,,,,
有没有那么一首歌 （华谊群星）,中国音超群星,,,,,,,,,,,,,,,
没有能做的 (？ ？ ？？ ？ ？？),朴始焕,,,,,,,,,,,,,,,
闪亮的日子+来自你来自我来自他,中国最强音学员,,,,,,,,,,,,,,,
？？？？？ ？？？？ (English ver.),？(Ken),,,,,,,,,,,,,,,
Better Than I Know Myself [Robert Marvin &..,Adam Lambert,,,,,,,,,,,,,,,
你的所有瞬间（？？ ？？ ？？）,成诗京,,,,,,,,,,,,,,,
在哪儿?做什么? (？？？? ？？？?),B.A.P,,,,,,,,,,,,,,,
如果缘只到遇见 (吉他演奏配乐）,电视原声,,,,,,,,,,,,,,,
心语(电视剧《舞乐传奇》主题曲),韩红,,,,,,,,,,,,,,,
我会等着你把我一生交给你 (DJ版),东方依依,,,,,,,,,,,,,,,
现在停止争吵 (？？ ？？ ？？？),"许阁,郑恩地",,,,,,,,,,,,,,,
？？ ？？ (Feat. ？？？ of ？？？),LYn,,,,,,,,,,,,,,,
？？ ？？ ？？（你的所有瞬间）,成诗京,,,,,,,,,,,,,,,
Ce n'était qu'un rêve (Live in Quebec City),席琳狄翁,,,,,,,,,,,,,,,
Never Close Our Eyes [Mig &amp; Rizzo Radio..,Adam Lambert,,,,,,,,,,,,,,,
Where are you going?（你要往哪儿去?）,海龟先生,,,,,,,,,,,,,,,
【叨逼叨电台】咸鱼也有新年梦想,"DJ小卷儿,DJ怪兽,DJ邦邦",,,,,,,,,,,,,,,
【香蕉电台】嘻嘻哈圣诞爆笑段子,"DJ红领巾,DJ歪歪",,,,,,,,,,,,,,,
亲爱的再见，谢谢你来过我的世界,大学生播客,,,,,,,,,,,,,,,
你的所有瞬间(inst.)？？ ？？ ？？,成诗京,,,,,,,,,,,,,,,
有声歌单――城市，请你把我遗忘,百度音乐,,,,,,,,,,,,,,,
？？？？？ ？？？？(以爱的名义),？(Ken),,,,,,,,,,,,,,,
I Got C (feat. 44060？of 45796？？？？？),朴明秀,,,,,,,,,,,,,,,
Tristesse离别练习曲 (feat. Oh Land 版本),郎朗,,,,,,,,,,,,,,,
张韶涵的DJ节目――带着耳朵去旅行,张韶涵,,,,,,,,,,,,,,,
抱紧我(电视剧《千金归来》片头曲),李沁,,,,,,,,,,,,,,,
斗战神(游戏《斗战神》同名主题曲),陈奕迅,,,,,,,,,,,,,,,
"没关系,是爱情啊 (？？？ ？？？？)",Davichi,,,,,,,,,,,,,,,
Fighter (Tachytelic World Cup Brazil 2014 Remix),"中岛美嘉,加藤美[",,,,,,,,,,,,,,,
你的所有瞬间(Original)？？ ？？ ？？,成诗京,,,,,,,,,,,,,,,
如果分开我也爱你（白色情人节版）,关,,,,,,,,,,,,,,,
让我一次爱个够+征服+哭不出来+存在,"那英,庾澄庆,汪峰,张惠妹",,,,,,,,,,,,,,,
记住你和我 (inst.)(？？ ？？ ？？？),金宝静,,,,,,,,,,,,,,,
？？？ ？？ ？？ (Raining Spell For Love),Super Junior,,,,,,,,,,,,,,,
？？？？？（只在心里，Only in mind）,？？？,,,,,,,,,,,,,,,
Trigger to the Thunder of Love （天雷地火）,萧亚轩,,,,,,,,,,,,,,,
像今天这样的眼泪(？？ ？？ ？？？),许阁,,,,,,,,,,,,,,,
张碧晨自称不恋家 杨坤转身惊呼漂亮,中国好声音 ,,,,,,,,,,,,,,,
要死就一定要死在你手里 (新编版Live),莫西子诗,,,,,,,,,,,,,,,
像今天一样的眼泪 (？？ ？？ ？？？),许阁,,,,,,,,,,,,,,,
像今天这样的眼泪 (？？ ？？ ？？？),许阁,,,,,,,,,,,,,,,
回家(电视剧《我儿子是奇葩》片尾曲),刘明辉,,,,,,,,,,,,,,,
平安的DJ节目――独家讲述十年选秀路,平安,,,,,,,,,,,,,,,
王铮亮的DJ节目――散落在时光里的歌,王铮亮,,,,,,,,,,,,,,,
？？ ？？ ？？？ (像今天这样的眼泪),许阁,,,,,,,,,,,,,,,
你的所有瞬间 (Piano Ver.)？？ ？？ ？？,成诗京,,,,,,,,,,,,,,,
请走人行道+假行僧+花房姑娘+无地自容,"纪敏佳,李翊君,温岚",,,,,,,,,,,,,,,
？？ ？？ ？？ ？ (尚未能说出口的话),李弘基,,,,,,,,,,,,,,,
Tristesse离别练习曲 (feat. Natasha Bedingfiel..,郎朗,,,,,,,,,,,,,,,
序曲：但凡世间无仁义 人人心中有梁山,"周华健,张大春",,,,,,,,,,,,,,,
爱不可及 （电影《触不可及》主题曲）,王菲,,,,,,,,,,,,,,,
【叨逼叨电台】那些又怕又爱的恐怖电影,"DJ小卷儿,DJ怪兽,DJ邦邦",,,,,,,,,,,,,,,
一生所爱 （电影《西游・降魔》主题曲）,舒淇,,,,,,,,,,,,,,,
有声歌单――每个人心中都有一座断背山,百度音乐,,,,,,,,,,,,,,,
笑忘书+至少还有你+闷+你的名字我的姓氏,"毛宁,麦子杰,顶顶,朱桦",,,,,,,,,,,,,,,
要死就一定要死在你手里 [新编版](live版),莫西子诗,,,,,,,,,,,,,,,
除了春天爱情和樱花 (？ ？？ ？？ ？？),"HIGH4,IU",,,,,,,,,,,,,,,
？？？(Instrumental)(电视剧《继承者们》OST),继承者们,,,,,,,,,,,,,,,
你把我灌醉＋让每个人都心碎 （金牌群星）,中国音超群星,,,,,,,,,,,,,,,
"？？？ ？, ？？？ ？ (When I Was…When U Were…)","CHEN,KRYSTAL",,,,,,,,,,,,,,,
A Moment Like This（中国梦之声官方指定中文版）,茜拉,,,,,,,,,,,,,,,
We Are One (Ole Ola) [The Official 2014 FIFA World,"Pitbull,Jennifer Lopez,Cláudia Leitte",,,,,,,,,,,,,,,
我就要和你在一起 (电影《人再逋局泰濉..,赵英俊/夏筠妍,,,,,,,,,,,,,,,
我就要和你在一起 (电影《人再逋局泰濉..,赵英俊,,,,,  /    夏筠妍,,,,,,,,,,
站在高岗上+在那遥远的地方+康定情歌+青春舞曲,"汪小敏,华晨宇,肖懿航,李琦",,,,,,,,,,,,,,,
我为什么这样 (？ ？？？)(Feat. ？？？ of ？？？？),San E,,,,,,,,,,,,,,,
你,,,,,,,,,,,,,,,,
你,蓝又时,,,,,,,,,,,,,,,
变,林海,,,,,,,,,,,,,,,
吻,萧亚轩,,,,,,,,,,,,,,,
归,费玉清,,,,,,,,,,,,,,,
忘,蓝又时,,,,,,,,,,,,,,,
我,韩寒,,,,,,,,,,,,,,,
星,谷村新司,,,,,,,,,,,,,,,
枫,周杰伦,,,,,,,,,,,,,,,
爱,sara,,,,,,,,,,,,,,,
爱,谢霆锋+蔡卓妍,,,,,,,,,,,,,,,
爱,谢霆锋/蔡卓妍,,,,,,,,,,,,,,,
猜,爱戴,,,,,,,,,,,,,,,
等,袁泉,,,,,,,,,,,,,,,
等,王心凌,,,,,,,,,,,,,,,
谁,谢雨欣,,,,,,,,,,,,,,,
错,范逸臣,,,,,,,,,,,,,,,
闷,王菲,,,,,,,,,,,,,,,
雪,杜雯q,,,,,,,,,,,,,,,
风,陈诗莉,,,,,,,,,,,,,,,
魂,信,,,,,,,,,,,,,,,
BABY,陈诗莉,,,,,,,,,,,,,,,
Baby,何维健,,,,,,,,,,,,,,,
Hero,183Club,,,,,,,,,,,,,,,
I DO,张咪,,,,,,,,,,,,,,,
Love,洪俊扬,,,,,,,,,,,,,,,
Sara,宝儿,,,,,,,,,,,,,,,
blue,Soler,,,,,,,,,,,,,,,
Opera,Vitas,,,,,,,,,,,,,,,
QQ爱,S翼乐团,,,,,,,,,,,,,,,
Twins,李克勤,,,,,,,,,,,,,,,
Adagio,Secret Garden,,,,,,,,,,,,,,,
Didadi,李玟,,,,,,,,,,,,,,,
Finale,电影原声,,,,,,,,,,,,,,,
Lonely,卫诗,,,,,,,,,,,,,,,
Melody,萱萱,,,,,,,,,,,,,,,
NoNoNo,Apink,,,,,,,,,,,,,,,
Summer,Joe Hisaishi,,,,,,,,,,,,,,,
monica,阿牛,,,,,,,,,,,,,,,
why+me,李宇春,,,,,,,,,,,,,,,
丁当,夜猫,,,,,,,,,,,,,,,
七夕,se7en,,,,,,,,,,,,,,,
七月,小鸣,,,,,,,,,,,,,,,
不悔,"刘庭羽,陆昱霖",,,,,,,,,,,,,,,
不痛,,,,,,,,,,,,,,,,
不痛,周笔畅,,,,,,,,,,,,,,,
不痛,张韶涵,,,,,,,,,,,,,,,
亲亲,梁静茹,,,,,,,,,,,,,,,
传奇,凤凰传奇,,,,,,,,,,,,,,,
传奇,完玛三智,,,,,,,,,,,,,,,
传奇,春秋乐队,,,,,,,,,,,,,,,
倔强,杨丞琳,,,,,,,,,,,,,,,
值得,阿强,,,,,,,,,,,,,,,
假如,BOBO,,,,,,,,,,,,,,,
假如,信乐团,,,,,,,,,,,,,,,
假如,杜丽莎,,,,,,,,,,,,,,,
偏爱,吴雨霏,,,,,,,,,,,,,,,
偏爱,邓丽欣,,,,,,,,,,,,,,,
偶尔,邓紫棋,,,,,,,,,,,,,,,
傻瓜,吴克群,,,,,,,,,,,,,,,
儿歌,容祖儿,,,,,,,,,,,,,,,
兄弟,龙井,,,,,,,,,,,,,,,
兄弟,金志文/杨坤,,,,,,,,,,,,,,,
兄弟,陈奕迅+刘德华,,,,,,,,,,,,,,,
光荣,BOBO,,,,,,,,,,,,,,,
再见,李志,,,,,,,,,,,,,,,
再见,林宇中,,,,,,,,,,,,,,,
冲动,张惠妹,,,,,,,,,,,,,,,
净土,黄耀明,,,,,,,,,,,,,,,
凹凸,梁咏琪,,,,,,,,,,,,,,,
出卖,那英,,,,,,,,,,,,,,,
出嫁,林志炫,,,,,,,,,,,,,,,
分手,爱戴,,,,,,,,,,,,,,,
初秋,林海,,,,,,,,,,,,,,,
初雪,Bandari,,,,,,,,,,,,,,,
初雪,班得瑞,,,,,,,,,,,,,,,
刺心,常艾菲,,,,,,,,,,,,,,,
勇敢,BY2,,,,,,,,,,,,,,,
北郊,迟志强,,,,,,,,,,,,,,,
发现,赵薇,,,,,,,,,,,,,,,
发现,陈川晖,,,,,,,,,,,,,,,
发现,国王乐队,,,,,,,,,,,,,,,
可爱,杨丞琳,,,,,,,,,,,,,,,
听说,刘若英,,,,,,,,,,,,,,,
启程,余文乐,,,,,,,,,,,,,,,
启程,水木年华,,,,,,,,,,,,,,,
哭砂,梁雁翎,,,,,,,,,,,,,,,
嘀答,侃侃,,,,,,,,,,,,,,,
囚鸟,周晶,,,,,,,,,,,,,,,
四季,朱珠,,,,,,,,,,,,,,,
四季,梁静茹,,,,,,,,,,,,,,,
四月,林海,,,,,,,,,,,,,,,
回忆,恒仔,,,,,,,,,,,,,,,
回忆,钟镇涛,,,,,,,,,,,,,,,
回来,韩红,,,,,,,,,,,,,,,
国家,常石磊,,,,,,,,,,,,,,,
国家,"刘媛媛,成龙",,,,,,,,,,,,,,,
国家,成龙+刘媛媛,,,,,,,,,,,,,,,
国家,成龙/刘媛媛,,,,,,,,,,,,,,,
圆规,蓝又时,,,,,,,,,,,,,,,
城府,Vae,,,,,,,,,,,,,,,
夏伤,sara,,,,,,,,,,,,,,,
大地,黄家驹,,,,,,,,,,,,,,,
大爱,许志安,,,,,,,,,,,,,,,
天敌,萧敬腾,,,,,,,,,,,,,,,
天边,布仁巴雅尔,,,,,,,,,,,,,,,
天边,张娜拉,,,,,,,,,,,,,,,
太早,刘允乐,,,,,,,,,,,,,,,
奇迹,G.E.M.邓紫棋,,,,,,,,,,,,,,,
妈妈,青蛙乐队,,,,,,,,,,,,,,,
委屈,金莎,,,,,,,,,,,,,,,
委屈,柯以敏,,,,,,,,,,,,,,,
娃娃,张韶涵,,,,,,,,,,,,,,,
嫁衣,幸福大街,,,,,,,,,,,,,,,
存在,林海,,,,,,,,,,,,,,,
存在,强辩乐团,,,,,,,,,,,,,,,
害怕,蔡依林,,,,,,,,,,,,,,,
家乡,张琼,,,,,,,,,,,,,,,
宽恕,黄宝欣,,,,,,,,,,,,,,,
小小,戴佩妮,,,,,,,,,,,,,,,
小草,殷秀梅,,,,,,,,,,,,,,,
小草,小蓓蕾组合,,,,,,,,,,,,,,,
小草,北京天使合唱团,,,,,,,,,,,,,,,
屋顶,吴宗宪;温岚,,,,,,,,,,,,,,,
屋顶,周杰伦+温岚,,,,,,,,,,,,,,,
屋顶,"周杰伦,温岚",,,,,,,,,,,,,,,
屋顶,周杰伦/温岚,,,,,,,,,,,,,,,
属于,范晓萱,,,,,,,,,,,,,,,
崩溃,麦田守望者,,,,,,,,,,,,,,,
左边,,,,,,,,,,,,,,,,
希望,AONE,,,,,,,,,,,,,,,
幸福,阿正,,,,,,,,,,,,,,,
幽州,央吉玛,,,,,,,,,,,,,,,
征服,"那英,梁博,张玮,多亮,张赫宣",,,,,,,,,,,,,,,
微笑,桑兰,,,,,,,,,,,,,,,
微笑,刘德华,,,,,,,,,,,,,,,
心动,庾澄庆,,,,,,,,,,,,,,,
心墙,李翊君,,,,,,,,,,,,,,,
心愿,四个女生,,,,,,,,,,,,,,,
心醉,希亚,,,,,,,,,,,,,,,
心雨,杨钰莹+毛宁,,,,,,,,,,,,,,,
心雨,"杨钰莹,毛宁",,,,,,,,,,,,,,,
心雨,杨钰莹/毛宁,,,,,,,,,,,,,,,
心雨,杨钰莹,,,,,  /    毛宁,,,,,,,,,,
忘记,周传雄,,,,,,,,,,,,,,,
怀念,蔡依林,,,,,,,,,,,,,,,
怎样,綦光高毅,,,,,,,,,,,,,,,
思念,韩磊,,,,,,,,,,,,,,,
悬崖,"萱萱,崔兰花",,,,,,,,,,,,,,,
情人,G.E.M.邓紫棋,,,,,,,,,,,,,,,
情歌,梁静茹,,,,,,,,,,,,,,,
情歌,这位太太,,,,,,,,,,,,,,,
想你,范文芳,,,,,,,,,,,,,,,
想哭,陈楚生,,,,,,,,,,,,,,,
想家,西单女孩,,,,,,,,,,,,,,,
想念,乔任梁,,,,,,,,,,,,,,,
想念,刘嘉亮,,,,,,,,,,,,,,,
想起,江美琪,,,,,,,,,,,,,,,
愿望,胡彦斌,,,,,,,,,,,,,,,
我们,张心杰,,,,,,,,,,,,,,,
我们,南拳妈妈,,,,,,,,,,,,,,,
承诺,群星,,,,,,,,,,,,,,,
承诺,刘德华,,,,,,,,,,,,,,,
承诺,辛晓琪,,,,,,,,,,,,,,,
抽离,"徐良,刘丹萌",,,,,,,,,,,,,,,
放开,爱乐团,,,,,,,,,,,,,,,
故乡,腾格尔,,,,,,,,,,,,,,,
故事,许巍,,,,,,,,,,,,,,,
新窝,s.h.e/飞轮海,,,,,,,,,,,,,,,
无泪,"袁姗姗,韩栋",,,,,,,,,,,,,,,
无言,李翊君,,,,,,,,,,,,,,,
无言,张赫宣,,,,,  /    卓义峰,,,,,,,,,,
时间,沙宝亮,,,,,,,,,,,,,,,
星座,王力宏,,,,,,,,,,,,,,,
星星,倪睿思,,,,,,,,,,,,,,,
星空,许巍,,,,,,,,,,,,,,,
星空,詹采妮,,,,,,,,,,,,,,,
晴天,陈松伶,,,,,,,,,,,,,,,
暖暖,梁静茹,,,,,,,,,,,,,,,
暗香,林海,,,,,,,,,,,,,,,
暗香,刘振宇/刘悦,,,,,,,,,,,,,,,
曙光,游鸿明,,,,,,,,,,,,,,,
曾经,张信哲,,,,,,,,,,,,,,,
月光,Bandari,,,,,,,,,,,,,,,
月光,王心凌,,,,,,,,,,,,,,,
月光,胡彦斌,,,,,,,,,,,,,,,
望月,龚h,,,,,,,,,,,,,,,
来电,潘玮柏,,,,,,,,,,,,,,,
梁祝,古筝,,,,,,,,,,,,,,,
水晶,任贤齐+徐怀钰,,,,,,,,,,,,,,,
水晶,任贤齐/徐怀钰,,,,,,,,,,,,,,,
永恒,林海,,,,,,,,,,,,,,,
泡沫,G.E.,,,,,,,,,,,,,,,
泪桥,伍佰,,,,,,,,,,,,,,,
泪海,方炯镔,,,,,,,,,,,,,,,
活埋,李涛,,,,,,,,,,,,,,,
流年,王菲,,,,,,,,,,,,,,,
流恋,吴奇隆,,,,,  /    严艺丹,,,,,,,,,,
流沙,马俊伟,,,,,,,,,,,,,,,
流言,林隆旋,,,,,,,,,,,,,,,
清晨,班得瑞,,,,,,,,,,,,,,,
渴望,辛晓琪,,,,,,,,,,,,,,,
满满,梁文音,,,,,,,,,,,,,,,
烟火,陈绮贞,,,,,,,,,,,,,,,
烟火,黎明+任贤齐,,,,,,,,,,,,,,,
热浪,温岚,,,,,,,,,,,,,,,
爱人,陈百强,,,,,,,,,,,,,,,
爱情,郭富城,,,,,,,,,,,,,,,
爱过,童童,,,,,,,,,,,,,,,
父亲,胡彦斌,,,,,,,,,,,,,,,
父亲,高明骏,,,,,,,,,,,,,,,
牵挂,刘和刚,,,,,,,,,,,,,,,
犯贱,"徐良,阿悄",,,,,,,,,,,,,,,
犯错,斯琴高丽/顾峰,,,,,,,,,,,,,,,
电影,100%乐团,,,,,,,,,,,,,,,
男人,庞龙,,,,,,,,,,,,,,,
画沙,周杰伦 袁咏琳,,,,,,,,,,,,,,,
画沙,周杰伦+袁咏琳,,,,,,,,,,,,,,,
痴迷,林海,,,,,,,,,,,,,,,
相信,黎明,,,,,,,,,,,,,,,
看清,林芯仪,,,,,,,,,,,,,,,
真实,李琦,,,,,,,,,,,,,,,
真爱,杜丽莎,,,,,,,,,,,,,,,
眼睛,张敬轩,,,,,,,,,,,,,,,
礼物,江映蓉,,,,,,,,,,,,,,,
礼物,黄立行,,,,,,,,,,,,,,,
祈祷,李岗霖,,,,,,,,,,,,,,,
祈祷,王杰/王韵婵,,,,,,,,,,,,,,,
离别,阿杜,,,,,,,,,,,,,,,
秋歌,小沈阳,,,,,,,,,,,,,,,
秘密,元气,,,,,,,,,,,,,,,
窗外,齐秦,,,,,,,,,,,,,,,
答案,誓言,,,,,,,,,,,,,,,
素颜,许嵩,,,,,,,,,,,,,,,
素颜,"许嵩,何曼婷",,,,,,,,,,,,,,,
繁星,至上励合,,,,,,,,,,,,,,,
约定,光亮,,,,,,,,,,,,,,,
经过,何洁/陈楚生,,,,,,,,,,,,,,,
经过,何洁,,,,,  /    陈楚生,,,,,,,,,,
绽放,戴娆,,,,,,,,,,,,,,,
羽毛,王心凌,,,,,,,,,,,,,,,
翅膀,羽泉,,,,,,,,,,,,,,,
翅膀,王心凌,,,,,,,,,,,,,,,
老大,小柯,,,,,,,,,,,,,,,
聊天,何勇,,,,,,,,,,,,,,,
自由,李琦,,,,,,,,,,,,,,,
艳遇,萧亚轩,,,,,,,,,,,,,,,
萍聚,"李翊君,孙建平",,,,,,,,,,,,,,,
落花,黄勇,,,,,,,,,,,,,,,
落花,李小璐,,,,,,,,,,,,,,,
蓝天,成龙+  孙...,,,,,,,,,,,,,,,
蝴蝶,刘若英,,,,,,,,,,,,,,,
蝶恋,刘亦菲,,,,,,,,,,,,,,,
认错,Vae,,,,,,,,,,,,,,,
认错,许嵩,,,,,,,,,,,,,,,
说谎,温兆伦,,,,,,,,,,,,,,,
谎言,梁静茹,,,,,,,,,,,,,,,
赔偿,钟汶,,,,,,,,,,,,,,,
趁早,张宇,,,,,,,,,,,,,,,
跳伞,纯音乐,,,,,,,,,,,,,,,
踏浪,唐尼,,,,,,,,,,,,,,,
转弯,吴奇隆,,,,,,,,,,,,,,,
转机,潘玮柏,,,,,,,,,,,,,,,
迷宫,林海,,,,,,,,,,,,,,,
迷宫,于浩威,,,,,,,,,,,,,,,
迷宫,梁朝伟/杨千,,,,,,,,,,,,,,,
迷途,迪克牛仔,,,,,,,,,,,,,,,
送别,周传雄,,,,,,,,,,,,,,,
选择,"叶倩文,林子祥",,,,,,,,,,,,,,,
选择,叶倩文/林子祥,,,,,,,,,,,,,,,
遇到,方雅贤,,,,,,,,,,,,,,,
遥望,谢雨欣,,,,,,,,,,,,,,,
邂逅,云菲菲,,,,,,,,,,,,,,,
重来,张韶涵,,,,,,,,,,,,,,,
重逢,孙楠,,,,,,,,,,,,,,,
重逢,毛阿敏,,,,,,,,,,,,,,,
钢琴,单行道乐队,,,,,,,,,,,,,,,
钻石,乔任梁,,,,,,,,,,,,,,,
错怪,"杨幂,刘恺威",,,,,,,,,,,,,,,
错爱,张晴,,,,,,,,,,,,,,,
错爱,江若琳,,,,,,,,,,,,,,,
错过,沙宝亮,,,,,,,,,,,,,,,
问月,武艺,,,,,,,,,,,,,,,
难道,洪俊扬,,,,,,,,,,,,,,,
雨天,蔡淳佳,,,,,,,,,,,,,,,
雪人,"范晓萱,王力宏",,,,,,,,,,,,,,,
青花,周传雄,,,,,,,,,,,,,,,
面具,安七炫,,,,,,,,,,,,,,,
风筝,孙燕姿,,,,,,,,,,,,,,,
风筝,陈沐雷,,,,,,,,,,,,,,,
高飞,张杰,,,,,,,,,,,,,,,
鸿雁,格格,,,,,,,,,,,,,,,
鸿雁,童彤,,,,,,,,,,,,,,,
鸿雁,云杰,,,,,  /    布仁巴雅尔,,,,,,,,,,
麦兜,邵雨涵,,,,,,,,,,,,,,,
Beat it,熊汝霖,,,,,,,,,,,,,,,
Bye Bye,沙宝亮,,,,,,,,,,,,,,,
My Love,李岗霖,,,,,,,,,,,,,,,
Silence,周笔畅,,,,,,,,,,,,,,,
Skyfall,Adele,,,,,,,,,,,,,,,
tell me,a-show,,,,,,,,,,,,,,,
哦 想,安与骑兵,,,,,,,,,,,,,,,
A.I.N.Y.,邓紫棋,,,,,,,,,,,,,,,
Defeated,Anastacia,,,,,,,,,,,,,,,
Dreaming,金秀贤,,,,,,,,,,,,,,,
Evensong,Secret Garden,,,,,,,,,,,,,,,
Hey Jude,孙燕姿,,,,,,,,,,,,,,,
Hey Jude,"钟伟强,毕夏",,,,,,,,,,,,,,,
Palladio,Escala,,,,,,,,,,,,,,,
QQ秘密,"唐古,阿绪",,,,,,,,,,,,,,,
Schnappi,Schnappi,,,,,,,,,,,,,,,
Stronger,"崔天琪,田丹",,,,,,,,,,,,,,,
串烧DJ,任军太,,,,,,,,,,,,,,,
Bang Bang,"Jessie J,Ariana Grande,Nicki Minaj",,,,,,,,,,,,,,,
Beautiful,黄丽玲,,,,,,,,,,,,,,,
Everybody,Ingrid Michaelson,,,,,,,,,,,,,,,
Get Lucky,"Daft Punk,Pharrell Williams",,,,,,,,,,,,,,,
Good Time,"Owl City,Carly Rae Jepsen",,,,,,,,,,,,,,,
One Woman,"张靓颖,群星",,,,,,,,,,,,,,,
Yesterday,伽菲珈而,,,,,,,,,,,,,,,
一只狼,华声儿童合唱团,,,,,,,,,,,,,,,
一瞬间,张靓颖,,,,,,,,,,,,,,,
三岔口,吕晶晶,,,,,,,,,,,,,,,
上上签,周华健,,,,,,,,,,,,,,,
不煽情,许嵩,,,,,,,,,,,,,,,
东方红,曹丁,,,,,,,,,,,,,,,
两个人,1983,,,,,,,,,,,,,,,
两个人,房祖名,,,,,,,,,,,,,,,
两个人,1983组合,,,,,,,,,,,,,,,
亲爱的,羽泉,,,,,,,,,,,,,,,
亲爱的,徐若u,,,,,,,,,,,,,,,
亲爱的,郭富城,,,,,,,,,,,,,,,
今生缘,旭日阳刚,,,,,,,,,,,,,,,
你懂得,"小沈阳,沈春阳",,,,,,,,,,,,,,,
你懂得,小沈阳,,,,,  /    沈春阳,,,,,,,,,,
保护色,张韶涵,,,,,,,,,,,,,,,
信天游,霍永刚,,,,,,,,,,,,,,,
兵马俑,凤凰传奇,,,,,,,,,,,,,,,
冷太阳,张信哲,,,,,,,,,,,,,,,
加油歌,花儿乐队,,,,,,,,,,,,,,,
十分钟,李孝利,,,,,,,,,,,,,,,
千年泪,Tank,,,,,,,,,,,,,,,
卖报歌,群星,,,,,,,,,,,,,,,
卖汤圆,徐小凤,,,,,,,,,,,,,,,
南泥湾,曹丁,,,,,,,,,,,,,,,
原谅我,黑龙,,,,,,,,,,,,,,,
去大理,黄渤,,,,,,,,,,,,,,,
双鱼座,郑中基,,,,,,,,,,,,,,,
发现爱,林俊杰/金莎,,,,,,,,,,,,,,,
叮叮当,郑秀文,,,,,,,,,,,,,,,
吉娃娃,钱思汝,,,,,,,,,,,,,,,
向日葵,周蕙,,,,,,,,,,,,,,,
听你说,"郁可唯,林凡",,,,,,,,,,,,,,,
告诉我,唐禹哲,,,,,,,,,,,,,,,
唱脸谱,群星,,,,,,,,,,,,,,,
喀秋莎,杜聪,,,,,,,,,,,,,,,
四季歌,黄耀明,,,,,,,,,,,,,,,
四季歌,达明一派,,,,,,,,,,,,,,,
回娘家,黄晓君,,,,,,,,,,,,,,,
因为你,徐若u,,,,,,,,,,,,,,,
因为你,萧亚轩,,,,,,,,,,,,,,,
因为爱,办桌二人组,,,,,,,,,,,,,,,
国际歌,马备,,,,,,,,,,,,,,,
国际歌,唐朝乐队,,,,,,,,,,,,,,,
圣诞歌,S翼乐团,,,,,,,,,,,,,,,
圣诞节,张玉华,,,,,,,,,,,,,,,
在路上,麦田守望者,,,,,,,,,,,,,,,
夜上海,陈司翰,,,,,,,,,,,,,,,
夜上海,马天宇,,,,,,,,,,,,,,,
大女人,张宇,,,,,,,,,,,,,,,
大小姐,金莎,,,,,,,,,,,,,,,
大悲咒,释道心,,,,,,,,,,,,,,,
大悲咒,佛教音乐,,,,,,,,,,,,,,,
天与地,阿里郎,,,,,,,,,,,,,,,
女驸马,黄梅戏,,,,,,,,,,,,,,,
好姑娘,李晓杰,,,,,,,,,,,,,,,
好日子,黑鸭子,,,,,,,,,,,,,,,
如果爱,张学友,,,,,,,,,,,,,,,
如果爱,方大同,,,,,,,,,,,,,,,
如梦令,邓丽欣,,,,,,,,,,,,,,,
娃哈哈,辛小玲,,,,,,,,,,,,,,,
将军令,吴克群,,,,,,,,,,,,,,,
小乌龟,张栋梁,,,,,,,,,,,,,,,
小二郎,小蓓蕾组合,,,,,,,,,,,,,,,
小宇宙,叶倩文,,,,,,,,,,,,,,,
小宇宙,苏打绿,,,,,,,,,,,,,,,
小情歌,张惠妹,,,,,,,,,,,,,,,
小拜年,王森地,,,,,,,,,,,,,,,
小星星,张芯瑜,,,,,,,,,,,,,,,
小温馨,"小贱,可歆",,,,,,,,,,,,,,,
小白杨,阎维文,,,,,,,,,,,,,,,
小白脸,"谢容儿,侯皓中",,,,,,,,,,,,,,,
小白脸,谢容儿,,,,,  /    侯皓中,,,,,,,,,,
小背篓,卓依婷,,,,,,,,,,,,,,,
小螺号,程琳,,,,,,,,,,,,,,,
小酒窝,林俊杰+蔡卓妍,,,,,,,,,,,,,,,
小酒窝,"林俊杰,蔡卓妍",,,,,,,,,,,,,,,
小酒窝,林俊杰/蔡卓妍,,,,,,,,,,,,,,,
小酒窝,林俊杰,,,,,  /    蔡卓妍,,,,,,,,,,
差一点,阿杜,,,,,,,,,,,,,,,
幸运草,丁当,,,,,,,,,,,,,,,
幽默感,100%乐团,,,,,,,,,,,,,,,
忘不了,李秋泽,,,,,,,,,,,,,,,
忘不了,陶,,,,,,,,,,,,,,,
怎么办,she,,,,,,,,,,,,,,,
恋千年,蓝雨,,,,,,,,,,,,,,,
情人节,吴克群,,,,,,,,,,,,,,,
情人节,黄淑惠,,,,,,,,,,,,,,,
想念你,王冰洋,,,,,,,,,,,,,,,
我以为,品冠,,,,,,,,,,,,,,,
我可以,李圣杰,,,,,,,,,,,,,,,
我和你,刘欢,,,,,,,,,,,,,,,
我和你,庞龙,,,,,,,,,,,,,,,
我和你,刘欢/莎拉布莱曼,,,,,,,,,,,,,,,
我忘了,李玖哲,,,,,,,,,,,,,,,
我愿意,陈晓东,,,,,,,,,,,,,,,
我愿意,庾澄庆,,,,,,,,,,,,,,,
我期待,信,,,,,,,,,,,,,,,
我爱你,李欧,,,,,,,,,,,,,,,
我爱你,伍思凯,,,,,,,,,,,,,,,
我爱你,熊天平,,,,,,,,,,,,,,,
我爱你,郭富城,,,,,,,,,,,,,,,
我相信,杨坤,,,,,,,,,,,,,,,
我相信,孙羡真,,,,,,,,,,,,,,,
我知道,BY2,,,,,,,,,,,,,,,
我知道,SE7EN,,,,,,,,,,,,,,,
我知道,东来东往,,,,,,,,,,,,,,,
戴佩妮,戴佩妮,,,,,,,,,,,,,,,
折子戏,黄阅,,,,,,,,,,,,,,,
捉泥鳅,包美圣,,,,,,,,,,,,,,,
捉迷藏,华声儿童合唱团,,,,,,,,,,,,,,,
摇篮曲,陈永淘,,,,,,,,,,,,,,,
摇篮曲,胎教音乐,,,,,,,,,,,,,,,
摇篮曲,宝宝的音乐花园,,,,,,,,,,,,,,,
摩天轮,hebe,,,,,,,,,,,,,,,
摩天轮,罗百吉,,,,,,,,,,,,,,,
摩天轮,"罗百吉,宝贝",,,,,,,,,,,,,,,
放狠爱,"慕容晓晓,肖玄",,,,,,,,,,,,,,,
新包容,马健涛,,,,,,,,,,,,,,,
新年好,S翼乐团,,,,,,,,,,,,,,,
无所谓,卫兰,,,,,,,,,,,,,,,
无所谓,张赫宣/杨坤,,,,,,,,,,,,,,,
无间道,刘德华+梁朝伟,,,,,,,,,,,,,,,
无间道,刘德华/梁朝伟,,,,,,,,,,,,,,,
早上好,廖隽嘉,,,,,,,,,,,,,,,
星期六,罗百吉,,,,,,,,,,,,,,,
映山红,廖昌永,,,,,,,,,,,,,,,
映山红,刀郎,,,,,,,,,,,,,,,
春天里,费玉清,,,,,,,,,,,,,,,
春天里,旭日阳刚,,,,,,,,,,,,,,,
是非题,莫文蔚,,,,,,,,,,,,,,,
是非题,范玮琪,,,,,,,,,,,,,,,
最天使,曾轶可,,,,,,,,,,,,,,,
最情歌,"黑龙,汤晓菲",,,,,,,,,,,,,,,
月光下,布仁巴雅尔,,,,,,,,,,,,,,,
有点甜,"汪苏泷,By2",,,,,,,,,,,,,,,
有点甜,汪苏泷/By2,,,,,,,,,,,,,,,
有点甜,汪苏泷,,,,,  /    By2,,,,,,,,,,
有缘人,陈慧珊,,,,,,,,,,,,,,,
期待爱,林俊杰/金莎,,,,,,,,,,,,,,,
木兰香,赵薇,,,,,,,,,,,,,,,
枉凝眉,江智民,,,,,,,,,,,,,,,
柠檬树,苏慧伦,,,,,,,,,,,,,,,
梨花香,李宇春,,,,,,,,,,,,,,,
棉花糖,至上励合,,,,,,,,,,,,,,,
樱桃红,沈春阳,,,,,,,,,,,,,,,
橄榄树,费玉清,,,,,,,,,,,,,,,
欧若拉,黑鸭子,,,,,,,,,,,,,,,
步步高,景岗山,,,,,,,,,,,,,,,
毕业歌,曹丁,,,,,,,,,,,,,,,
江湖人,张俊,,,,,,,,,,,,,,,
泥娃娃,小蓓蕾组合,,,,,,,,,,,,,,,
洛丽塔,卓亚君,,,,,,,,,,,,,,,
浏阳河,李谷一,,,,,,,,,,,,,,,
浏阳河,黑鸭子,,,,,,,,,,,,,,,
海贼王,CoLoR,,,,,,,,,,,,,,,
深呼吸,叶倩文,,,,,,,,,,,,,,,
游子吟,杨耀东,,,,,,,,,,,,,,,
爱一点,"王力宏,章子怡",,,,,,,,,,,,,,,
爱上你,斯琴高丽,,,,,,,,,,,,,,,
爱太痛,吴克群,,,,,,,,,,,,,,,
爱得起,梁咏琪,,,,,,,,,,,,,,,
爱我吧,方大同,,,,,,,,,,,,,,,
爱爱爱,大支,,,,,,,,,,,,,,,
爱爱爱,柯有纶,,,,,,,,,,,,,,,
爱琴海,姜昕,,,,,,,,,,,,,,,
爱的人,沙宝亮,,,,,,,,,,,,,,,
牧羊曲,谭炎健,,,,,,,,,,,,,,,
牧羊曲,金海心,,,,,,,,,,,,,,,
牧马人,"杨坤,丁丁,平安,金志文,关",,,,,,,,,,,,,,,
狐狸叫,Ylvis,,,,,,,,,,,,,,,
猪之歌,香香,,,,,,,,,,,,,,,
珊瑚海,周杰伦,,,,,,,,,,,,,,,
男人婆,杜海涛,,,,,,,,,,,,,,,
留下来,飞轮海,,,,,,,,,,,,,,,
离别赋,"周华健,张大春",,,,,,,,,,,,,,,
稻草人,李龙基,,,,,,,,,,,,,,,
稻草人,小宋佳,,,,,,,,,,,,,,,
稻草人,林志颖,,,,,,,,,,,,,,,
笑忘书,,,,,,,,,,,,,,,,
笑红尘,,,,,,,,,,,,,,,,
笨小孩,"刘德华,柯受良,吴宗宪",,,,,,,,,,,,,,,
第一天,孙燕姿,,,,,,,,,,,,,,,
累斗累,刘德华,,,,,,,,,,,,,,,
红梅赞,付娜,,,,,,,,,,,,,,,
红河谷,李直,,,,,,,,,,,,,,,
红玫瑰,陈奕迅,,,,,,,,,,,,,,,
红豆红,俞静,,,,,,,,,,,,,,,
绿袖子,元若蓝,,,,,,,,,,,,,,,
耶耶耶,DJ小可,,,,,,,,,,,,,,,
脚踏板,李宇春,,,,,,,,,,,,,,,
花木兰,叶蓓,,,,,,,,,,,,,,,
茉莉花,莫文蔚,,,,,,,,,,,,,,,
草帽歌,阿强,,,,,,,,,,,,,,,
草帽歌,张忆亚,,,,,,,,,,,,,,,
蓝眼泪,陈冠蒲,,,,,,,,,,,,,,,
蓝精灵,,,,,,,,,,,,,,,,
蓝精灵,儿歌,,,,,,,,,,,,,,,
蓝精灵,小太阳儿童合唱团,,,,,,,,,,,,,,,
蓝莲花,"张恒远,赵晗",,,,,,,,,,,,,,,
虫儿飞,郑伊健,,,,,,,,,,,,,,,
表达爱,林俊杰/廖君,,,,,,,,,,,,,,,
许茹芸,好听,,,,,,,,,,,,,,,
诀别诗,胡彦斌,,,,,,,,,,,,,,,
说不清,孙骁骁,,,,,,,,,,,,,,,
说不清,郑欣宜,,,,,,,,,,,,,,,
谢谢你,sara,,,,,,,,,,,,,,,
走四方,金志文/曹寅,,,,,,,,,,,,,,,
走天涯,老猫+  杨...,,,,,,,,,,,,,,,
走天涯,"龙梅子,老猫",,,,,,,,,,,,,,,
走西口,阿宝,,,,,,,,,,,,,,,
超可能,S.H.E,,,,,,,,,,,,,,,
路太弯,潘玮柏,,,,,,,,,,,,,,,
辣妹子,卓依婷,,,,,,,,,,,,,,,
过家家,小蓓蕾组合,,,,,,,,,,,,,,,
还是会,纯音乐,,,,,,,,,,,,,,,
还有我,任贤齐,,,,,,,,,,,,,,,
这条街,云菲菲,,,,,,,,,,,,,,,
这条街,"云菲菲,冷漠",,,,,,,,,,,,,,,
这条街,云菲菲/冷漠,,,,,,,,,,,,,,,
这条街,"冷漠,云菲菲",,,,,,,,,,,,,,,
这条街,冷漠/云菲菲,,,,,,,,,,,,,,,
这条街,云菲菲,,,,,  /    冷漠,,,,,,,,,,
追梦人,罗大佑,,,,,,,,,,,,,,,
逍遥叹,胡歌,,,,,,,,,,,,,,,
遇见你,陈坤,,,,,,,,,,,,,,,
那一夜,谢军,,,,,,,,,,,,,,,
那一夜,罗百吉,,,,,,,,,,,,,,,
醉清风,弦子,,,,,,,,,,,,,,,
醉红颜,冷漠,,,,,,,,,,,,,,,
醉赤壁,林俊杰,,,,,,,,,,,,,,,
采红菱,黄中原;傅薇,,,,,,,,,,,,,,,
阿里郎,陈志远,,,,,,,,,,,,,,,
雨樱花,F.I.R,,,,,,,,,,,,,,,
雨花石,"李玉刚,石头",,,,,,,,,,,,,,,
雨花石,李玉刚/石头,,,,,,,,,,,,,,,
雨花石,"石头,李玉刚",,,,,,,,,,,,,,,
雨花石,石头/李玉刚,,,,,,,,,,,,,,,
雨花石,李玉刚,,,,,  /    石头,,,,,,,,,,
雨花石,石头,,,,,  /    李玉刚,,,,,,,,,,
雨花石,"石头 (王卓实),李玉刚",,,,,,,,,,,,,,,
雪绒花,,,,,,,,,,,,,,,,
雪绒花,金莎,,,,,,,,,,,,,,,
高原蓝,乌兰图雅,,,,,,,,,,,,,,,
鲁冰花,小蓓蕾组合,,,,,,,,,,,,,,,
Dark Horse,"Katy Perry,Juicy J",,,,,,,,,,,,,,,
I Miss You,柯有纶,,,,,,,,,,,,,,,
I Remember,郭采洁,,,,,,,,,,,,,,,
I love you,阿木,,,,,,,,,,,,,,,
Lemon Tree,区瑞强,,,,,,,,,,,,,,,
Love Is…,"朴章贤,？？？",,,,,,,,,,,,,,,
Loving You,侧田,,,,,,,,,,,,,,,
Loving You,李岗霖,,,,,,,,,,,,,,,
Sexy Bitch,"David Guetta,Akon",,,,,,,,,,,,,,,
Your Smile,班得瑞,,,,,,,,,,,,,,,
Bad romance,吴莫愁/陶虹旭,,,,,,,,,,,,,,,
Bumble Bees,Aqua,,,,,,,,,,,,,,,
Complicated,周蕙,,,,,,,,,,,,,,,
Let It Rain,Olivia Ong,,,,,,,,,,,,,,,
Thrift Shop,"Macklemore,Ryan Lewis",,,,,,,,,,,,,,,
Untouchable,Taylor Swift,,,,,,,,,,,,,,,
断点(国),张敬轩,,,,,,,,,,,,,,,
江南style,泫雅,,,,,,,,,,,,,,,
江南style,泫雅/Psy,,,,,,,,,,,,,,,
江南style,泫雅    /    Psy,,,,,,,,,,,,,,,
321对不起,徐良,,,,,,,,,,,,,,,
Ace (王牌),泰民,,,,,,,,,,,,,,,
Alwaysonline,林俊杰,,,,,,,,,,,,,,,
Jingle Bells,范晓萱,,,,,,,,,,,,,,,
"Kissy, Kissy",Smile,,,,,,,,,,,,,,,
Safe & Sound,Taylor Swift,,,,,,,,,,,,,,,
We Are Young,"FUN.,Janelle Monáe",,,,,,,,,,,,,,,
一代天骄,凤凰传奇,,,,,,,,,,,,,,,
一代宗师,黄宗泽,,,,,,,,,,,,,,,
一块红布,"刘彩星,高扬",,,,,,,,,,,,,,,
一念执着,"胡歌,阿兰",,,,,,,,,,,,,,,
一生何求,,,,,,,,,,,,,,,,
一生何求,刘德华,,,,,,,,,,,,,,,
一生无悔,"高安,杭娇",,,,,,,,,,,,,,,
一生无悔,高安/杭娇,,,,,,,,,,,,,,,
一生无悔,高安,,,,,  /    杭娇,,,,,,,,,,
一眼瞬间,"李琦,林芯仪",,,,,,,,,,,,,,,
一眼瞬间,"张惠妹,萧敬腾",,,,,,,,,,,,,,,
一起摇摆,"汪峰,张恒远,毕夏,单冲锋,孟楠",,,,,,,,,,,,,,,
一路歌唱,"阿宝,张冬玲",,,,,,,,,,,,,,,
七子之歌,容韵琳,,,,,,,,,,,,,,,
三天三夜,歌浴森,,,,,  /    张玮,,,,,,,,,,
不了了之,冰淇,,,,,,,,,,,,,,,
不了了之,张恒,,,,,,,,,,,,,,,
不如不见,陈奕迅,,,,,,,,,,,,,,,
不得不爱,潘玮柏,,,,,,,,,,,,,,,
不想懂得,,,,,,,,,,,,,,,,
不想长大,陈楚生,,,,,,,,,,,,,,,
东来东往,东来东往,,,,,,,,,,,,,,,
两个世界,胡清蓝,,,,,,,,,,,,,,,
两只老虎,无级生,,,,,,,,,,,,,,,
两只老虎,儿歌,,,,,,,,,,,,,,,
为你写诗,吴克群,,,,,,,,,,,,,,,
为爱停留,郑源,,,,,,,,,,,,,,,
为谁憔悴,DJ小可,,,,,,,,,,,,,,,
乡下老鼠,小蓓蕾组合,,,,,,,,,,,,,,,
二泉映月,闵慧芬,,,,,,,,,,,,,,,
五星红旗,刘媛媛,,,,,,,,,,,,,,,
五星红旗,孙楠,,,,,,,,,,,,,,,
今世有缘,云菲菲,,,,,,,,,,,,,,,
仙剑问情,萧人凤,,,,,,,,,,,,,,,
以爱之名,李维嘉,,,,,,,,,,,,,,,
伤心城市,云菲菲,,,,,,,,,,,,,,,
伯牙绝弦,王力宏,,,,,,,,,,,,,,,
你不爱我,康晋荣,,,,,,,,,,,,,,,
你最珍贵,"张学友,高慧君",,,,,,,,,,,,,,,
你最珍贵,张学友/高慧君,,,,,,,,,,,,,,,
你最珍贵,张学友,,,,,  /    高慧君,,,,,,,,,,
你的微笑,F.I.R,,,,,,,,,,,,,,,
你的微笑,那英,,,,,,,,,,,,,,,
你的眼神,李雪,,,,,,,,,,,,,,,
你的眼神,卫兰,,,,,,,,,,,,,,,
你的背包,信,,,,,,,,,,,,,,,
保卫黄河,曹丁,,,,,,,,,,,,,,,
倾国倾城,熊汝霖,,,,,,,,,,,,,,,
倾国倾城,陈楚生,,,,,,,,,,,,,,,
兄弟干杯,"庞龙,李永波",,,,,,,,,,,,,,,
兄弟无数,景岗山,,,,,,,,,,,,,,,
六月的雨,胡歌,,,,,,,,,,,,,,,
再别康桥,琪琪格,,,,,,,,,,,,,,,
再见青春,汪峰,,,,,,,,,,,,,,,
军港之夜,冯杰;王B,,,,,,,,,,,,,,,
冬天来了,丁薇,,,,,,,,,,,,,,,
冬天来了,权振东/佳宁组合,,,,,,,,,,,,,,,
几分之几,张柏芝,,,,,,,,,,,,,,,
刀剑如梦,,,,,,,,,,,,,,,,
分开旅行,"刘若英,黄立行",,,,,,,,,,,,,,,
分开旅行,刘若英/黄立行,,,,,,,,,,,,,,,
分开旅行,刘若英,,,,,  /    黄立行,,,,,,,,,,
分手假期,"钟洁,hojo",,,,,,,,,,,,,,,
别无所求,艳乐队,,,,,,,,,,,,,,,
到森林去,华声儿童合唱团,,,,,,,,,,,,,,,
勇敢一点,赵传,,,,,,,,,,,,,,,
北京北京,梁博,,,,,  /    黄勇,,,,,,,,,,
北国之春,蒋大为,,,,,,,,,,,,,,,
十送红军,曹玉荣,,,,,,,,,,,,,,,
十送红军,刀郎,,,,,,,,,,,,,,,
千千阙歌,DJ小可,,,,,,,,,,,,,,,
千千阙歌,张国荣,,,,,,,,,,,,,,,
千域千寻,李宇春,,,,,,,,,,,,,,,
千年之恋,F.I.R,,,,,,,,,,,,,,,
千年之恋,"信乐团,戴爱玲",,,,,,,,,,,,,,,
千里之外,周杰伦/费玉清,,,,,,,,,,,,,,,
单人旅途,许嵩,,,,,,,,,,,,,,,
单车恋人,后弦,,,,,,,,,,,,,,,
友情岁月,陈小春;郑伊健,,,,,,,,,,,,,,,
反转地球,潘玮柏,,,,,,,,,,,,,,,
受了点伤,阿桑,,,,,,,,,,,,,,,
只为了你,严铮,,,,,,,,,,,,,,,
只因为你,张栋梁,,,,,,,,,,,,,,,
只想抱抱,刘德华,,,,,,,,,,,,,,,
只要有你,孙楠,,,,,,,,,,,,,,,
只要有你,那英,,,,,,,,,,,,,,,
只要有你,马天宇,,,,,,,,,,,,,,,
只要有你,"那英,孙楠",,,,,,,,,,,,,,,
只要有你,那英/孙楠,,,,,,,,,,,,,,,
只要有你,那英,,,,,  /    孙楠,,,,,,,,,,
可可西里,凤凰传奇,,,,,,,,,,,,,,,
同一首歌,蔡国庆,,,,,,,,,,,,,,,
同一首歌,金海心,,,,,,,,,,,,,,,
同桌的你,刘若英,,,,,,,,,,,,,,,
后知后觉,"李琦,张惠妹",,,,,,,,,,,,,,,
和你一样,李宇春,,,,,,,,,,,,,,,
和平分手,徐良,,,,,,,,,,,,,,,
和平分手,孙耀威,,,,,,,,,,,,,,,
哑巴新娘,李羿慧,,,,,,,,,,,,,,,
哥妹情缘,"格格,高安",,,,,,,,,,,,,,,
唱得响亮,,,,,,,,,,,,,,,,
嗨!mrs leta,凤凰传奇,,,,,,,,,,,,,,,
因为爱你,邰正宵,,,,,,,,,,,,,,,
因为爱你,魏佳庆,,,,,,,,,,,,,,,
因为爱情,"王菲,陈奕迅",,,,,,,,,,,,,,,
因为爱情,王菲/陈奕迅,,,,,,,,,,,,,,,
因为爱情,王菲,,,,,  /    陈奕迅,,,,,,,,,,
圣诞快乐,李,,,,,,,,,,,,,,,
圣诞快乐,彭靖惠,,,,,,,,,,,,,,,
夜夜夜夜,熊天平,,,,,,,,,,,,,,,
大漠情人,凤凰传奇,,,,,,,,,,,,,,,
天亮以后,胡歌,,,,,,,,,,,,,,,
天涯歌女,曹玉荣,,,,,,,,,,,,,,,
天涯海角,纪敏佳,,,,,,,,,,,,,,,
天真无邪,胎教音乐,,,,,,,,,,,,,,,
天空之城,李志,,,,,,,,,,,,,,,
天空之城,久石让,,,,,,,,,,,,,,,
天籁之爱,"容中尔甲,旺姆",,,,,,,,,,,,,,,
天籁之爱,容中尔甲/旺姆,,,,,,,,,,,,,,,
天籁之爱,容中尔甲,,,,,  /    旺姆,,,,,,,,,,
天若有情,袁凤英,,,,,,,,,,,,,,,
太过爱你,戚薇,,,,,,,,,,,,,,,
奇迹世界,凤凰传奇,,,,,,,,,,,,,,,
奢香夫人,凤凰传奇,,,,,,,,,,,,,,,
好久不见,5566,,,,,,,,,,,,,,,
好人好梦,邰正宵/孙悦,,,,,,,,,,,,,,,
好心分手,Lawrence,,,,,,,,,,,,,,,
好心分手,"卢巧音,王力宏",,,,,,,,,,,,,,,
好心分手,卢巧音/王力宏,,,,,,,,,,,,,,,
如果当时,Vae,,,,,,,,,,,,,,,
如果当时,许嵩,,,,,,,,,,,,,,,
如果的事,范玮琪,,,,,,,,,,,,,,,
妈妈的吻,谭炎健,,,,,,,,,,,,,,,
妈妈的手,郭欢,,,,,,,,,,,,,,,
妙手空空,成龙,,,,,  /    周华健,,,,,  /    张震岳,,,,,
完美世界,水木年华,,,,,,,,,,,,,,,
家在东北,庞龙,,,,,,,,,,,,,,,
寻寻觅觅,温兆伦,,,,,,,,,,,,,,,
小城故事,萧淑慎,,,,,,,,,,,,,,,
小手拍拍,小蓓蕾组合,,,,,,,,,,,,,,,
小河淌水,常石磊,,,,,,,,,,,,,,,
少年中国,李宇春,,,,,,,,,,,,,,,
左手右手,杨沛宜,,,,,,,,,,,,,,,
幸福恋人,"郑源,沈丹丹",,,,,,,,,,,,,,,
幸福恋人,郑源/沈丹丹,,,,,,,,,,,,,,,
幸福恋人,郑源,,,,,  /    沈丹丹,,,,,,,,,,
幸福誓言,庞龙,,,,,,,,,,,,,,,
幸运之吻,张韶涵,,,,,,,,,,,,,,,
广岛之恋,莫文蔚+张洪量,,,,,,,,,,,,,,,
广岛之恋,"莫文蔚,张洪量",,,,,,,,,,,,,,,
广岛之恋,莫文蔚/张洪量,,,,,,,,,,,,,,,
广岛之恋,莫文蔚,,,,,  /    张洪量,,,,,,,,,,
康定情歌,鲍比达,,,,,,,,,,,,,,,
康定情歌,蔡琴,,,,,,,,,,,,,,,
康定情歌,张惠妹,,,,,,,,,,,,,,,
彩云追月,彭修文,,,,,,,,,,,,,,,
往事随风,张杰,,,,,,,,,,,,,,,
心肝宝贝,任贤齐+徐熙媛,,,,,,,,,,,,,,,
心肝宝贝,任贤齐/徐熙媛,,,,,,,,,,,,,,,
心肝宝贝,任贤齐,,,,,  /    徐熙媛,,,,,,,,,,
快乐出发,天娱群星,,,,,,,,,,,,,,,
恋爱新手,BOBO,,,,,,,,,,,,,,,
恭喜发财,卓依婷,,,,,,,,,,,,,,,
恭喜恭喜,孙悦,,,,,,,,,,,,,,,
想你的夜,信乐团,,,,,,,,,,,,,,,
我不后悔,林志颖,,,,,,,,,,,,,,,
我不难过,孙燕姿,,,,,,,,,,,,,,,
我们的爱,F.I.R,,,,,,,,,,,,,,,
我们的爱,萧亚轩,,,,,,,,,,,,,,,
我们的爱,萧亚轩/胡彦斌,,,,,,,,,,,,,,,
我爱你吗,王聃葳,,,,,,,,,,,,,,,
我爱的人,艳乐队,,,,,,,,,,,,,,,
我的最爱,张韶涵,,,,,,,,,,,,,,,
我的祖国,鲍比达,,,,,,,,,,,,,,,
我的祖国,白雪,,,,,,,,,,,,,,,
我的答铃,郭美美,,,,,,,,,,,,,,,
我要给你,"庾澄庆,吴莫愁",,,,,,,,,,,,,,,
我走以后,张靓颖,,,,,,,,,,,,,,,
战争世界,黑白,,,,,,,,,,,,,,,
手心手背,欧得洋,,,,,,,,,,,,,,,
打靶归来,姜苏,,,,,,,,,,,,,,,
改变自己,Finn,,,,,,,,,,,,,,,
放心去飞,小虎队,,,,,,,,,,,,,,,
放手去爱,迪克牛仔,,,,,,,,,,,,,,,
敖包相会,刀郎,,,,,,,,,,,,,,,
敖包相会,蔡琴,,,,,,,,,,,,,,,
新不了情,阿强,,,,,,,,,,,,,,,
新年快乐,卓依婷,,,,,,,,,,,,,,,
新年快乐,小虎队,,,,,,,,,,,,,,,
新年快乐,"小虎队,忧欢派对",,,,,,,,,,,,,,,
旗开得胜,张学友+张靓颖,,,,,,,,,,,,,,,
无可取代,弦子,,,,,,,,,,,,,,,
无可救药,品冠,,,,,,,,,,,,,,,
无地自容,黑豹乐队,,,,,,,,,,,,,,,
无法逃脱,高杨,,,,,,,,,,,,,,,
无赖正义,CoLoR,,,,,,,,,,,,,,,
日出东方,李克勤,,,,,,,,,,,,,,,
时间停了,赵薇,,,,,,,,,,,,,,,
明天过后,吴克群,,,,,,,,,,,,,,,
星座书上,Vae,,,,,,,,,,,,,,,
星空物语,张翰,,,,,,,,,,,,,,,
星空物语,张翰/俞灏明/魏晨/朱梓骁,,,,,,,,,,,,,,,
昨夜星辰,龙飘飘,,,,,,,,,,,,,,,
昨日重现,高胜美,,,,,,,,,,,,,,,
曲终人散,张宇,,,,,,,,,,,,,,,
最好的我,房祖名,,,,,,,,,,,,,,,
最爱的人,黄小琥,,,,,,,,,,,,,,,
有何不可,Vae,,,,,,,,,,,,,,,
有口难开,黄维德,,,,,,,,,,,,,,,
松花江上,陈洁丽,,,,,,,,,,,,,,,
松花江上,郑钧,,,,,,,,,,,,,,,
栀子花开,何炅,,,,,,,,,,,,,,,
梦的婚礼,理查德・克莱德曼,,,,,,,,,,,,,,,
歌唱祖国,大合唱,,,,,,,,,,,,,,,
此情可待,阿强,,,,,,,,,,,,,,,
此生不换,青鸟飞鱼,,,,,,,,,,,,,,,
死心塌地,苏慧伦,,,,,,,,,,,,,,,
永不停歇,尚雯婕,,,,,,,,,,,,,,,
泉水荷花,曲泉丞,,,,,,,,,,,,,,,
泪光闪烁,f.i.r.,,,,,,,,,,,,,,,
浪漫手机,周杰伦,,,,,,,,,,,,,,,
海阔天空,信乐团,,,,,,,,,,,,,,,
深情相拥,辛晓琪,,,,,,,,,,,,,,,
深情相拥,张国荣/辛晓琪,,,,,,,,,,,,,,,
清明雨上,Vae,,,,,,,,,,,,,,,
清明雨上,许嵩,,,,,,,,,,,,,,,
游戏人间,郑智化,,,,,,,,,,,,,,,
滚滚红尘,方奕,,,,,,,,,,,,,,,
滚滚红尘,"罗大佑,陈淑桦",,,,,,,,,,,,,,,
灰色头像,许嵩,,,,,,,,,,,,,,,
烟花易冷,周杰伦,,,,,,,,,,,,,,,
热血燃烧,郑伊健;陈小春,,,,,,,,,,,,,,,
爱也不爱,艳乐队,,,,,,,,,,,,,,,
爱很简单,梁静茹,,,,,,,,,,,,,,,
爱情公寓,"王传君,陈赫,孙艺洲,金世佳,娄艺潇,李金铭,邓家佳",,,,,,,,,,,,,,,
爱情爱情,杨幂,,,,,,,,,,,,,,,
爱我中华,,,,,,,,,,,,,,,,
爱是你我,小沈阳,,,,,,,,,,,,,,,
爱是你我,"刀郎,云朵",,,,,,,,,,,,,,,
爱是你我,刀郎/云朵,,,,,,,,,,,,,,,
爱是你我,"小沈阳,沈春阳",,,,,,,,,,,,,,,
爱是你我,"刀郎,云朵,王翰仪",,,,,,,,,,,,,,,
爱是你我,刀郎,,,,,  /    云朵,,,,,,,,,,
爱海滔滔,陈浩民,,,,,,,,,,,,,,,
爱的代价,庞龙,,,,,,,,,,,,,,,
爱的代价,梁咏琪,,,,,,,,,,,,,,,
爱的狂怒,凤凰传奇,,,,,,,,,,,,,,,
独一无二,郑秀文,,,,,,,,,,,,,,,
独唱情歌,Tank,,,,,,,,,,,,,,,
玫瑰人生,理查德・克莱德曼,,,,,,,,,,,,,,,
玫瑰人生,理查德&middot;克莱德曼,,,,,,,,,,,,,,,
生日快乐,刘若英,,,,,,,,,,,,,,,
生日快乐,儿童合唱团,,,,,,,,,,,,,,,
白色恋人,游鸿明,,,,,,,,,,,,,,,
直来直往,孙燕姿,,,,,,,,,,,,,,,
相亲相爱,群星,,,,,,,,,,,,,,,
相爱很难,"梅艳芳,张学友",,,,,,,,,,,,,,,
相约九八,王菲/那英,,,,,,,,,,,,,,,
真心英雄,周华健;成龙;黄耀明;李宗盛,,,,,,,,,,,,,,,
真心英雄,"周华健,成龙,黄耀明,李宗盛",,,,,,,,,,,,,,,
真心英雄,"成龙,周华健,黄耀明,李宗盛",,,,,,,,,,,,,,,
真的爱,Beyond,,,,,,,,,,,,,,,
知心爱人,任静,,,,,,,,,,,,,,,
知心爱人,付笛生,,,,,,,,,,,,,,,
祝福祖国,汤灿,,,,,,,,,,,,,,,
秋日私语,理查德・克莱德曼,,,,,,,,,,,,,,,
秋风落叶,姜玉阳,,,,,,,,,,,,,,,
秘密花园,樱桃帮,,,,,,,,,,,,,,,
秦淮河畔,纯音乐,,,,,,,,,,,,,,,
移情别恋,郭峰,,,,,,,,,,,,,,,
笑着流泪,南拳妈妈,,,,,,,,,,,,,,,
红尘情歌,王夏,,,,,,,,,,,,,,,
红尘情歌,"郑源,蒋姗倍",,,,,,,,,,,,,,,
红尘情歌,"高安,黑鸭子",,,,,,,,,,,,,,,
终于明白,仙剑奇侠传,,,,,,,,,,,,,,,
网络情缘,陈星,,,,,,,,,,,,,,,
老人与海,海鸣威,,,,,,,,,,,,,,,
老爸老妈,阿宝,,,,,,,,,,,,,,,
芙蓉姐夫,王蓉,,,,,,,,,,,,,,,
花心传说,"龙梅子,老猫",,,,,,,,,,,,,,,
芳华绝代,"梅艳芳,张国荣",,,,,,,,,,,,,,,
英雄赞歌,马玉涛,,,,,,,,,,,,,,,
蓝色的爱,理查德・克莱德曼,,,,,,,,,,,,,,,
蓝色风暴,周杰伦,,,,,,,,,,,,,,,
让我取暖,彭羚/王力宏,,,,,,,,,,,,,,,
让我取暖,"王力宏,彭羚",,,,,,,,,,,,,,,
说爱不爱,陈思涵,,,,,,,,,,,,,,,
谁的眼泪,郑源,,,,,,,,,,,,,,,
辛德瑞拉,戴佩妮,,,,,,,,,,,,,,,
迟来的爱,,,,,,,,,,,,,,,,
那一瞬间,陶,,,,,,,,,,,,,,,
铁血丹心,"罗文,甄妮",,,,,,,,,,,,,,,
铁血丹心,罗文/甄妮,,,,,,,,,,,,,,,
铁血丹心,罗文+  甄...,,,,,,,,,,,,,,,
铁血丹心,罗文,,,,,  /    甄妮,,,,,,,,,,
长安长安,郑钧,,,,,,,,,,,,,,,
长江之歌,江天,,,,,,,,,,,,,,,
难忘今宵,"李谷一,张英席,孔子学院",,,,,,,,,,,,,,,
雨过之后,刘心,,,,,,,,,,,,,,,
青春舞曲,阿郎,,,,,,,,,,,,,,,
非你不爱,弦子,,,,,,,,,,,,,,,
非你莫属,TANK,,,,,,,,,,,,,,,
非常夏日,王菲/张学友,,,,,,,,,,,,,,,
非常完美,张韶涵/庾澄庆,,,,,,,,,,,,,,,
非诚勿扰,于浩宸,,,,,,,,,,,,,,,
香水有毒,胡杨林,,,,,,,,,,,,,,,
香水百合,张韶涵,,,,,,,,,,,,,,,
高山流水,古筝,,,,,,,,,,,,,,,
鬼迷心窍,誓言,,,,,,,,,,,,,,,
黄土高坡,杜聪,,,,,,,,,,,,,,,
黄色枫叶,薛之谦,,,,,,,,,,,,,,,
黑猫警长,小蓓蕾组合,,,,,,,,,,,,,,,
黑色毛衣,周杰伦,,,,,,,,,,,,,,,
龙的传人,中国好声音第二季学员,,,,,,,,,,,,,,,
？？？？,G-Dragon,,,,,,,,,,,,,,,
A Little Love,冯曦妤,,,,,,,,,,,,,,,
Christmas Day,EXO,,,,,,,,,,,,,,,
Drunk In Love,"Beyonce,Jay-Z",,,,,,,,,,,,,,,
Love Paradise,陈慧琳,,,,,,,,,,,,,,,
The Star(星),EXO,,,,,,,,,,,,,,,
Valder Fields,Tamas Wells,,,,,,,,,,,,,,,
always online,林俊杰,,,,,,,,,,,,,,,
turn the tide,Sylver,,,,,,,,,,,,,,,
僵尸 Zombie,DJ小可,,,,,,,,,,,,,,,
卡农D大调,贵族乐团,,,,,,,,,,,,,,,
哭砂 (Live),刘明湘,,,,,,,,,,,,,,,
她说 (Live),张碧晨,,,,,,,,,,,,,,,
小三(DJ版),冷漠,,,,,,,,,,,,,,,
欢颜 (Live),周深,,,,,,,,,,,,,,,
Beautiful Love,蔡健雅,,,,,,,,,,,,,,,
Do What U Want,"Lady Gaga,R. Kelly",,,,,,,,,,,,,,,
Shine Your Way,"Owl City,YUNA",,,,,,,,,,,,,,,
Sleep With You,Egil Olsen,,,,,,,,,,,,,,,
To Be With You,Westlife,,,,,,,,,,,,,,,
Yarney's Waltz,"Caitlin Sullivan,Tim Fain",,,,,,,,,,,,,,,
唐古拉Dj版,"王麟,完玛三智",,,,,,,,,,,,,,,
疯狂舞台DJ,任军太,,,,,,,,,,,,,,,
老公PK老婆,杨臣刚,,,,,,,,,,,,,,,
You are the One,唐禹哲,,,,,,,,,,,,,,,
merry christmas,圣诞歌曲,,,,,,,,,,,,,,,
上帝是女孩,DJ小可,,,,,,,,,,,,,,,
下一个天亮,,,,,,,,,,,,,,,,
不管有多苦,那英,,,,,,,,,,,,,,,
不能没有你,甄妮,,,,,,,,,,,,,,,
为了遇见你,"戚薇,杨宗纬",,,,,,,,,,,,,,,
九九艳阳天,曹玉荣,,,,,,,,,,,,,,,
人鬼情未了,理查德・克莱德曼,,,,,,,,,,,,,,,
今天情人节,梁静茹,,,,,,,,,,,,,,,
今年我最红,黄圣依,,,,,,,,,,,,,,,
今生你作伴,陈慧琳,,,,,,,,,,,,,,,
今生共相伴,谢霆锋,,,,,,,,,,,,,,,
但愿人长久,戴娆,,,,,,,,,,,,,,,
何日君再来,理查德・克莱德曼,,,,,,,,,,,,,,,
你到底爱谁,亮亮,,,,,,,,,,,,,,,
你把我灌醉,刘中意,,,,,,,,,,,,,,,
你把我灌醉,邓紫棋,,,,,,,,,,,,,,,
你把我灌醉,"张赫宣,黄大炜",,,,,,,,,,,,,,,
你把我灌醉,张赫宣,,,,,  /    黄大炜,,,,,,,,,,
你是对的人,"戚薇,俊昊",,,,,,,,,,,,,,,
你的烂借口,乔洋,,,,,,,,,,,,,,,
偏偏喜欢你,,,,,,,,,,,,,,,,
偶像万万岁,TimeZ组合,,,,,,,,,,,,,,,
其实很寂寞,欢子,,,,,,,,,,,,,,,
其实很爱你,张韶涵,,,,,,,,,,,,,,,
冬天的秘密,周传雄,,,,,,,,,,,,,,,
分分钟记起,郑嘉颖,,,,,,,,,,,,,,,
分手的理由,安东阳,,,,,,,,,,,,,,,
别哭了宝贝,皓天,,,,,,,,,,,,,,,
刻骨的温柔,姜玉阳,,,,,,,,,,,,,,,
动你的屁股,罗百吉,,,,,,,,,,,,,,,
北京下起雨,"蓝燕,莫熙儿",,,,,,,,,,,,,,,
十五的月亮,曹丁,,,,,,,,,,,,,,,
十八般武艺,王力宏,,,,,,,,,,,,,,,
千万别错过,叮当,,,,,,,,,,,,,,,
卑微的承诺,乔洋,,,,,,,,,,,,,,,
只要爱上你,潘玮柏/李孝利,,,,,,,,,,,,,,,
听妈妈的话,周杰伦,,,,,,,,,,,,,,,
四只小小鸟,小蓓蕾组合,,,,,,,,,,,,,,,
回忆的沙漏,邓紫棋,,,,,,,,,,,,,,,
回忆的沙漏,G.E.M.邓紫棋,,,,,,,,,,,,,,,
回忆的独奏,张杰,,,,,,,,,,,,,,,
在太行山上,中国交响乐团合唱团,,,,,,,,,,,,,,,
在岁月飞扬,东亚群星,,,,,,,,,,,,,,,
在我想起来,李代沫,,,,,  /    吉克隽逸,,,,,,,,,,
外滩十八号,袁成杰/戚薇,,,,,,,,,,,,,,,
外滩十八号,袁成杰,,,,,  /    戚薇,,,,,,,,,,
多余的解释,Vae,,,,,,,,,,,,,,,
夜的钢琴曲,石进,,,,,,,,,,,,,,,
大刀进行曲,中央乐团合唱队,,,,,,,,,,,,,,,
天下有情人,周华健+齐豫,,,,,,,,,,,,,,,
天下有情人,周华健/齐豫,,,,,,,,,,,,,,,
天下有情人,"齐豫,周华健",,,,,,,,,,,,,,,
天使的翅膀,徐誉滕,,,,,,,,,,,,,,,
天地在我心,吉克隽逸,,,,,  /    刘欢,,,,,,,,,,
天堂里的爱,云菲菲,,,,,,,,,,,,,,,
天生不完美,"萱萱,那英",,,,,,,,,,,,,,,
女大要出嫁,"龙梅子,老猫",,,,,,,,,,,,,,,
好久没回家,陈坤,,,,,,,,,,,,,,,
好好说再见,"陶,关诗敏",,,,,,,,,,,,,,,
如果没有你,郑虹,,,,,  /    李代沫,,,,,,,,,,
如果爱下去,张靓颖,,,,,,,,,,,,,,,
妈妈我爱你,张含韵,,,,,,,,,,,,,,,
安妮的仙境,班得瑞,,,,,,,,,,,,,,,
对你爱不完,金池,,,,,  /    魏语诺,,,,,,,,,,
小三没有错,关健,,,,,,,,,,,,,,,
小兔子乖乖,,,,,,,,,,,,,,,,
小小新娘花,云菲菲,,,,,,,,,,,,,,,
小小粉刷匠,小蓓蕾组合,,,,,,,,,,,,,,,
小手拉大手,梁静茹,,,,,,,,,,,,,,,
山楂树之恋,常石磊,,,,,,,,,,,,,,,
差不多先生,哈狗帮,,,,,,,,,,,,,,,
忘不掉的伤,姜玉阳,,,,,,,,,,,,,,,
情歌继续唱,"龙梅子,冷漠",,,,,,,,,,,,,,,
想你想疯了,柯以敏,,,,,,,,,,,,,,,
我不会说话,厉娜,,,,,,,,,,,,,,,
我不是天使,那英,,,,,,,,,,,,,,,
我不是黄蓉,王蓉,,,,,,,,,,,,,,,
我们结婚吧,"金莎,刘佳",,,,,,,,,,,,,,,
我又初恋了,五月天,,,,,,,,,,,,,,,
我只在乎你,BoBo,,,,,,,,,,,,,,,
我只在乎你,DJ小可,,,,,,,,,,,,,,,
我对不起我,田馥甄,,,,,,,,,,,,,,,
我对天空说,潘玮柏,,,,,,,,,,,,,,,
我恨我爱你,蔡依林,,,,,,,,,,,,,,,
我想更懂你,潘玮柏/苏芮,,,,,,,,,,,,,,,
我的好兄弟,高进,,,,,,,,,,,,,,,
我的好兄弟,小沈阳,,,,,,,,,,,,,,,
我的好兄弟,"小沈阳,高进",,,,,,,,,,,,,,,
我的好兄弟,"高进,小沈阳",,,,,,,,,,,,,,,
我的好兄弟,高进/小沈阳,,,,,,,,,,,,,,,
我的好兄弟,高进,,,,,  /    小沈阳,,,,,,,,,,
我的小宝气,"沈丹丹,郑源",,,,,,,,,,,,,,,
我的未来式,郭采洁,,,,,,,,,,,,,,,
我要抱着你,庞龙,,,,,,,,,,,,,,,
手心的太阳,张韶涵,,,,,,,,,,,,,,,
握不住的他,萧萧,,,,,,,,,,,,,,,
握不住的他,林俊杰,,,,,,,,,,,,,,,
摘下满天星,郑少秋,,,,,,,,,,,,,,,
敖包再相会,"乌兰托娅,蒙克",,,,,,,,,,,,,,,
无言的结局,罗时丰/林淑容,,,,,,,,,,,,,,,
明天，你好,牛奶咖啡,,,,,,,,,,,,,,,
春天在哪里,李俊驹,,,,,,,,,,,,,,,
春天的故事,李泰祥;李弈青;李若菱,,,,,,,,,,,,,,,
曾经的约定,BY2,,,,,,,,,,,,,,,
最后一滴泪,田梓呈,,,,,,,,,,,,,,,
最后的讨划,凤凰传奇,,,,,,,,,,,,,,,
有一点动心,"张信哲,刘嘉玲",,,,,,,,,,,,,,,
有一点动心,张信哲,,,,,  /    刘嘉玲,,,,,,,,,,
有你陪着我,安又琪,,,,,,,,,,,,,,,
梦中的婚礼,胡彦斌,,,,,,,,,,,,,,,
歌声与微笑,北京金帆少年合唱团,,,,,,,,,,,,,,,
沂蒙山小调,翁镇发,,,,,,,,,,,,,,,
泉水叮咚响,于淑珍,,,,,,,,,,,,,,,
深深的海洋,黄红英,,,,,,,,,,,,,,,
清明上河图,李玉刚,,,,,,,,,,,,,,,
温柔的慈悲,阿桑,,,,,,,,,,,,,,,
游击队之歌,中国交响乐团合唱团,,,,,,,,,,,,,,,
溜溜的情歌,凤凰传奇,,,,,,,,,,,,,,,
漫漫人生路,钟镇涛,,,,,,,,,,,,,,,
热情的沙漠,动力火车;欧阳菲菲,,,,,,,,,,,,,,,
爱情专属权,"龙梅子,老猫",,,,,,,,,,,,,,,
爱情求救号,罗百吉,,,,,,,,,,,,,,,
爱情的傀儡,罗百吉,,,,,,,,,,,,,,,
爱情第一课,弦子,,,,,,,,,,,,,,,
爱情苦肉计,高维那,,,,,,,,,,,,,,,
爱死了昨天,李慧珍,,,,,,,,,,,,,,,
爱的初体验,任贤齐,,,,,,,,,,,,,,,
爱的华尔兹,俞灏明+郑爽,,,,,,,,,,,,,,,
爱的华尔兹,俞灏明/郑爽,,,,,,,,,,,,,,,
爱的回归线,"陈韵若,陈每文",,,,,,,,,,,,,,,
爱的血泪史,冷漠/云菲菲,,,,,,,,,,,,,,,
爱要坦荡荡,萧潇,,,,,,,,,,,,,,,
生命的意义,罗中旭,,,,,,,,,,,,,,,
生日快乐歌,谢娜,,,,,,,,,,,,,,,
生生世世爱,吴雨霏,,,,,,,,,,,,,,,
男人就是累,陈玉建,,,,,,,,,,,,,,,
相思风雨中,"张学友,汤宝如",,,,,,,,,,,,,,,
相思风雨中,张学友/汤宝如,,,,,,,,,,,,,,,
相爱的泪水,阿杜+胡杨林,,,,,,,,,,,,,,,
真的好想你,费玉清,,,,,,,,,,,,,,,
神奇的九寨,,,,,,,,,,,,,,,,
离开的时候,A-Lin,,,,,,,,,,,,,,,
稳稳的幸福,"孙俪,张译",,,,,,,,,,,,,,,
突然想起你,五月天,,,,,,,,,,,,,,,
突然想起你,林宥嘉,,,,,,,,,,,,,,,
突然的自我,伍佰,,,,,,,,,,,,,,,
等一个晴天,蔡淳佳,,,,,,,,,,,,,,,
等不到的爱,杜雯q,,,,,,,,,,,,,,,
等不到的爱,演员文章,,,,,,,,,,,,,,,
缘分惹的祸,冷漠,,,,,,,,,,,,,,,
美丽的神话,孙楠,,,,,,,,,,,,,,,
美丽的神话,成龙,,,,,,,,,,,,,,,
美丽的神话,孙楠/韩红,,,,,,,,,,,,,,,
美丽的神话,孙楠,,,,,  /    韩红,,,,,,,,,,
美酒加咖啡,李晓杰,,,,,,,,,,,,,,,
自从遇见你,吕雯,,,,,,,,,,,,,,,
花好月圆夜,任贤齐/杨千,,,,,,,,,,,,,,,
英雄的黎明,纯音乐,,,,,,,,,,,,,,,
菊花爆满山,马博,,,,,,,,,,,,,,,
血染的风采,曹丁,,,,,,,,,,,,,,,
街角的祝福,,,,,,,,,,,,,,,,
解放区的天,张伟进,,,,,,,,,,,,,,,
讲不出告别,郑源,,,,,,,,,,,,,,,
请你原谅我,杠宝,,,,,,,,,,,,,,,
走进新时代,张也,,,,,,,,,,,,,,,
越爱越难过,吴克群,,,,,,,,,,,,,,,
跟着感觉走,"苏芮,张惠妹",,,,,,,,,,,,,,,
踮起脚尖爱,洪佩瑜,,,,,,,,,,,,,,,
还是喜欢你,Sweety,,,,,,,,,,,,,,,
还是好朋友,梁静茹,,,,,,,,,,,,,,,
远方的寂静,林海,,,,,,,,,,,,,,,
迷人的危险,dance flow,,,,,,,,,,,,,,,
遗失的美好,,,,,,,,,,,,,,,,
那年的情书,江美琪,,,,,,,,,,,,,,,
都要好好的,"小沈阳,沈春阳",,,,,,,,,,,,,,,
都要好好的,小沈阳/沈春阳,,,,,,,,,,,,,,,
都要好好的,小沈阳,,,,,  /    沈春阳,,,,,,,,,,
里约热内卢,杨坤,,,,,,,,,,,,,,,
里约热内路,杨坤,,,,,,,,,,,,,,,
重来好不好,杨宗纬,,,,,,,,,,,,,,,
铃儿响叮当,缪莹,,,,,,,,,,,,,,,
闪亮的日子,江明学,,,,,,,,,,,,,,,
隐形的翅膀,阿木,,,,,,,,,,,,,,,
雪花女神龙,,,,,,,,,,,,,,,,
靠近一点点,Lara,,,,,,,,,,,,,,,
鹿中的王子,小蓓蕾组合,,,,,,,,,,,,,,,
麻雀与小孩,小蓓蕾组合,,,,,,,,,,,,,,,
？？ (Danger),泰民,,,,,,,,,,,,,,,
Move Like Jagger,丁少华/周礼虎,,,,,,,,,,,,,,,
hold不住的爱,"龙梅子,老猫",,,,,,,,,,,,,,,
一江水 (Live),李维,,,,,,,,,,,,,,,
伤不起(DJ版),老猫,,,,,,,,,,,,,,,
Moves Like Jagger,"Maroon 5,Christina Aguilera",,,,,,,,,,,,,,,
Never Say Goodbye,Bon Jovi,,,,,,,,,,,,,,,
失去你才知DJ,任军太,,,,,,,,,,,,,,,
老婆最大Dj版,崔子格,,,,,,,,,,,,,,,
？？？(话说),李弘基,,,,,,,,,,,,,,,
A、B、C字母歌,小蓓蕾组合,,,,,,,,,,,,,,,
Colors Of The Wind,王菀之,,,,,,,,,,,,,,,
Far Away From Home,Groove Coverage,,,,,,,,,,,,,,,
Give Me Everything,"Ne-Yo,Afrojack,Nayer,Pitbull",,,,,,,,,,,,,,,
Love Will Remember,Selena Gomez & The Scene,,,,,,,,,,,,,,,
River Flows In You,Yiruma,,,,,,,,,,,,,,,
The Glorious Death,冯曦妤,,,,,,,,,,,,,,,
Walking In The Sun,Travis,,,,,,,,,,,,,,,
一万个舍不得,"庄心妍,祁隆",,,,,,,,,,,,,,,
七秒钟的记忆,"徐良,孙羽幽",,,,,,,,,,,,,,,
不存在的存在,G.E.M.邓紫棋,,,,,,,,,,,,,,,
两个人的荒岛,S.H.E,,,,,,,,,,,,,,,
两个人的荒岛,s.h.e 周定纬,,,,,,,,,,,,,,,
为了你我愿意,朴海镇,,,,,,,,,,,,,,,
伤不起的爱情,雨天,,,,,,,,,,,,,,,
你说我容易吗,小柯,,,,,,,,,,,,,,,
像风一样自由,许巍,,,,,,,,,,,,,,,
关不掉的月光,"金润吉,庾澄庆",,,,,,,,,,,,,,,
写不完的温柔,G.E.M.邓紫棋,,,,,,,,,,,,,,,
北京爱情故事,凡人,,,,,,,,,,,,,,,
北京的金山上,李直,,,,,,,,,,,,,,,
北京的金山上,胡彦斌,,,,,,,,,,,,,,,
友谊地久天长,缪莹,,,,,,,,,,,,,,,
只对你有感觉,飞轮海+hebe,,,,,,,,,,,,,,,
只对你有感觉,飞轮海/hebe,,,,,,,,,,,,,,,
和兰花在一起,纯音乐,,,,,,,,,,,,,,,
和寂寞说分手,爱戴,,,,,,,,,,,,,,,
咱们屯里的人,赵本山,,,,,,,,,,,,,,,
喜欢你怎么办,王心凌,,,,,,,,,,,,,,,
喜欢你没道理,张韶涵,,,,,,,,,,,,,,,
团结就是力量,群星,,,,,,,,,,,,,,,
在回忆中死去,徐良,,,,,,,,,,,,,,,
太阳照常升起,陈奕迅,,,,,,,,,,,,,,,
失恋阵线联盟,,,,,,,,,,,,,,,,
女孩与四重奏,马格,,,,,,,,,,,,,,,
好人一生平安,谭炎健,,,,,,,,,,,,,,,
好爸爸坏爸爸,儿歌,,,,,,,,,,,,,,,
如果还有明天,信/柯有伦,,,,,,,,,,,,,,,
如果风不再吹,"张恒远,汪峰",,,,,,,,,,,,,,,
对不起我爱你,1983,,,,,,,,,,,,,,,
小星星变奏曲,胎教音乐,,,,,,,,,,,,,,,
小白兔白又白,群星,,,,,,,,,,,,,,,
小老鼠上灯台,小蓓蕾组合,,,,,,,,,,,,,,,
幸福的两个人,"杨梓,陈雅森",,,,,,,,,,,,,,,
当爱已成往事,陈冠宇,,,,,,,,,,,,,,,
当爱已成往事,李宗盛/林忆莲,,,,,,,,,,,,,,,
当爱已成往事,"林忆莲,李宗盛",,,,,,,,,,,,,,,
快乐不再快乐,付梦妮,,,,,,,,,,,,,,,
我不想忘记你,,,,,,,,,,,,,,,,
我只是个传说,小沈阳,,,,,,,,,,,,,,,
我只要你爱我,谢娜,,,,,,,,,,,,,,,
我和我的祖国,李谷一,,,,,,,,,,,,,,,
我是只小小鸟,华声儿童合唱团,,,,,,,,,,,,,,,
手心里的温柔,刀郎,,,,,,,,,,,,,,,
披着羊皮的狼,,,,,,,,,,,,,,,,
披着羊皮的狼,谭咏麟,,,,,,,,,,,,,,,
敢问路在何方,,,,,,,,,,,,,,,,
想把我唱给你听,"老狼,小柯,曹芳,王筝",,,,,,,,,,,,,,,
当爱已成往事,"李宗盛,林忆莲,伦永亮",,,,,,,,,,,,,,,
梦一场,那英,,,,,,,,,,,,,,,
心会跟爱一起走,"郭峰,陈洁仪",,,,,,,,,,,,,,,
My Heart Will Go On,"Celine Dion,James Horner",,,,,,,,,,,,,,,
最爱的人伤我最深,"张雨生,张惠妹",,,,,,,,,,,,,,,
相约九八,"王菲,那英",,,,,,,,,,,,,,,
半路,刘若英,,,,,,,,,,,,,,,
愿得一人心(剧场版),"李行亮,雨宗林",,,,,,,,,,,,,,,
阿凡达与潘磕,许鹤缤,,,,,,,,,,,,,,,
吵吵闹闹一辈子,"王麟,张嘉洵",,,,,,,,,,,,,,,
?? (再见),孝琳(Sistar),,,,,,,,,,,,,,,
爱的勇气,Wanting,,,,,,,,,,,,,,,
最好的一站,"张国立,杨丹",,,,,,,,,,,,,,,
我们好像在哪见过(剧场版),"杨宗纬,叶蓓",,,,,,,,,,,,,,,
等爱开放,应禹诚,,,,,,,,,,,,,,,
过往,王诗诗,,,,,,,,,,,,,,,
一生一世,"邓雨鸿,文卓",,,,,,,,,,,,,,,
?????,朴正炫,,,,,,,,,,,,,,,
Faint (Album Version),Linkin Park,,,,,,,,,,,,,,,
??? ? ?? (来自星星的你),Younha,,,,,,,,,,,,,,,
像今天这样的眼泪 (?? ?? ???),许阁,,,,,,,,,,,,,,,
你的所有瞬间（?? ?? ??）,成诗京,,,,,,,,,,,,,,,
万万没想到,白客,,,,,,,,,,,,,,,
你是我今生的依靠,"冷漠,杨小曼",,,,,,,,,,,,,,,
等你等了那么久,"祁隆,乐凡",,,,,,,,,,,,,,,
月夜,"乌兰图雅,扎西顿珠",,,,,,,,,,,,,,,
问禅师,"冷漠,赵小兵",,,,,,,,,,,,,,,
错过了缘分错过你,"冷漠,何龙雨",,,,,,,,,,,,,,,
大宝剑,"王麟,新街口组合",,,,,,,,,,,,,,,
抽身,"冷漠,王雅洁",,,,,,,,,,,,,,,
老公让我为你捶捶背,"崔子格,老猫",,,,,,,,,,,,,,,
新年更加要努力,"龙梅子,杨德朗",,,,,,,,,,,,,,,
在心里从此永远有个你,"高安,牧羊",,,,,,,,,,,,,,,
老男孩,"筷子兄弟,刘忻",,,,,,,,,,,,,,,
幸福爱河,"陈咏,郭玲",,,,,,,,,,,,,,,
当我唱起这首歌,"星弟,小贱",,,,,,,,,,,,,,,
陪你到终点,"孙子涵,陆瑶",,,,,,,,,,,,,,,
找一个相爱的理由,"晨熙,艾歌",,,,,,,,,,,,,,,
Lucky Lucky,"戚薇,李承铉",,,,,,,,,,,,,,,
情为何物,"安东阳,樊桐舟",,,,,,,,,,,,,,,
爱上你 (Loving You),"周觅,宋茜",,,,,,,,,,,,,,,
抽身,"陈瑞,冷漠",,,,,,,,,,,,,,,
梦醉荷塘,"高安,云菲菲",,,,,,,,,,,,,,,
爱的光芒,"谭晶,张杰",,,,,,,,,,,,,,,
啦啦爱 （DJ版）,"祁隆,孟小笛",,,,,,,,,,,,,,,
你是我的唯一,"陶钰玉,郑源",,,,,,,,,,,,,,,
人海情缘,"龙梅子,陈少华",,,,,,,,,,,,,,,
大人情歌,"艾怡良,金贵晟",,,,,,,,,,,,,,,
爱你在心口难开,"吉克隽逸,沙宝亮",,,,,,,,,,,,,,,
Some (?)(feat. ??? Of ??),"昭宥,Junggigo",,,,,,,,,,,,,,,
叹情歌（男女对唱版）,"高安,司徒兰芳",,,,,,,,,,,,,,,
自行车 (???),"Gary,郑仁",,,,,,,,,,,,,,,
知道这是玩笑 (???? ??),"Raina,Kanto",,,,,,,,,,,,,,,
爱的血泪史,"冷漠,云菲菲",,,,,,,,,,,,,,,
哥哥妹妹要安慰DJ版,"何龙雨,孙语诺",,,,,,,,,,,,,,,
一半的一半,"六哲,袁惜君",,,,,,,,,,,,,,,
你的意味 (?? ??),"IU, ???",,,,,,,,,,,,,,,
Anything Goes,"Lady Gaga,Tony Bennett",,,,,,,,,,,,,,,
如今才是唯一,"林采欣,孙自佑",,,,,,,,,,,,,,,
我的心不是那样的 (? ?? ?? ???),"LeL,Linzy (Fiestar)",,,,,,,,,,,,,,,
变漂亮了 (????),"朴宝蓝,ZICO (Block B)",,,,,,,,,,,,,,,
说说爱情(对唱版),"陈玉建,孟小笛",,,,,,,,,,,,,,,
秋意浓,"金润吉,非非",,,,,,,,,,,,,,,
勿忘你,"高安,郭玲",,,,,,,,,,,,,,,
滴答,"侃侃,李晨",,,,,,,,,,,,,,,
One Summer Night (Korean ver.),"赵权 (2AM),霏 (miss A)",,,,,,,,,,,,,,,
错过的情人,"冷漠,石梅",,,,,,,,,,,,,,,
我们的幸福呢,"祁隆,千百惠",,,,,,,,,,,,,,,
回到最初时光,"曹越,司徒兰芳",,,,,,,,,,,,,,,
最美中国,"常思思,费玉清",,,,,,,,,,,,,,,
想着你亲爱的,"刘恺名,乐凡",,,,,,,,,,,,,,,
A Real Man,"Swings,Ailee",,,,,,,,,,,,,,,
绝口不提,"柳岩,大鹏",,,,,,,,,,,,,,,
闯天涯,"赵真,司徒兰芳",,,,,,,,,,,,,,,
猜 (新版),"斯琴高丽,顾峰",,,,,,,,,,,,,,,
太依赖,"李舒彤,祁隆",,,,,,,,,,,,,,,
One Day,"曹格,汪小敏",,,,,,,,,,,,,,,
相信爱情相信你,"童可可,田跃君",,,,,,,,,,,,,,,
肩上蝶,"金志文,汤晓菲",,,,,,,,,,,,,,,
分分合合,"庄心妍,萧全",,,,,,,,,,,,,,,
你给我的爱还在不在,"欢子,韩小薰",,,,,,,,,,,,,,,
自己,"姚贝娜,林育群",,,,,,,,,,,,,,,
想起 (???),"徐仁英,Zion.T",,,,,,,,,,,,,,,
我们 (??),"G.NA,金泰宇",,,,,,,,,,,,,,,
花桥流水,"高安,纳兰珠儿",,,,,,,,,,,,,,,
仲夏夜之蜜 (????? ?),"San E,Raina",,,,,,,,,,,,,,,
月弯弯,李炜,,,,,,,,,,,,,,,
时间里的花,魏雪漫,,,,,,,,,,,,,,,
漂亮的姑娘就要嫁人啦（DJ版）,"龙梅子,老猫",,,,,,,,,,,,,,,
环游,华晨宇,,,,,,,,,,,,,,,
我爱你胜过你爱我,"冷漠,杨小曼",,,,,,,,,,,,,,,
Numb (Album Version),Linkin Park,,,,,,,,,,,,,,,
What Doesn't Kill You (Stronger),Kelly Clarkson,,,,,,,,,,,,,,,
Bang Bang,"Nicki Minaj,Jessie J,Ariana Grande",,,,,,,,,,,,,,,
She Is My Sin,Nightwish,,,,,,,,,,,,,,,
Wake Me Up When September Ends,Green Day,,,,,,,,,,,,,,,
Never Grow Old,The Cranberries,,,,,,,,,,,,,,,
春风 (Piano Rock Version),查可欣,,,,,,,,,,,,,,,
爱情的枪,"陈升,左小祖咒",,,,,,,,,,,,,,,
We Will Rock You,"Paul Rodgers,Queen",,,,,,,,,,,,,,,
四季歌,花儿乐队,,,,,,,,,,,,,,,
Life On Mars,David Bowie,,,,,,,,,,,,,,,
Everything Will Flow,Suede,,,,,,,,,,,,,,,
晚安北京,鲍家街43号,,,,,,,,,,,,,,,
怕你为自己流泪,黑豹乐队,,,,,,,,,,,,,,,
爱情的枪,左小祖咒,,,,,,,,,,,,,,,
Sexy Boy,Air,,,,,,,,,,,,,,,
Mr Brightside,The Killers,,,,,,,,,,,,,,,
Chemtrails,Beck,,,,,,,,,,,,,,,
不经意间,达达乐队,,,,,,,,,,,,,,,
My delirium,刘力扬,,,,,,,,,,,,,,,
Friday I’M In Love,The Cure,,,,,,,,,,,,,,,
Teen Age Riot,Sonic Youth,,,,,,,,,,,,,,,
